1	[Web발신] [우체국택배] 고객님 택배가 주소지 불일치로 반송 예정입니다. 주소 확인 http://toss-sec-kr.com/UVypU
1	[Web발신] [롯데택배] 고객님 택배가 주소지 불일치로 반송 예정입니다. 주소 확인 me2.do/pX8jW
1	[한진택배] 고객님 택배가 주소지 불일치로 반송 예정입니다. 주소 확인 https://naver-auth.top/GuCZa 감사합니다.
1	[롯데택배] 고객님 택배가 주소지 불일치로 반송 예정입니다. 주소 확인 http://naver-auth.kim/JJ6aL.apk
1	[롯데택배] 고객님 택배가 주소지 불일치로 반송 예정입니다. 주소 확인 bit.ly/Vyxb5
1	[우체국택배] 고객님 택배가 주소지 불일치로 반송 예정입니다. 주소 확인 http://fss-help-kr.com/ty654
1	[Web발신] [우체국택배] 고객님 택배가 주소지 불일치로 반송 예정입니다. 주소 확인 http://gov24-kr.kim/aQYX6.apk
1	[Web발신] [우체국택배] 고객님 택배가 주소지 불일치로 반송 예정입니다. 주소 확인 me2.do/SFQCn
1	[로젠택배] 고객님 택배가 주소지 불일치로 반송 예정입니다. 주소 확인 me2.do/QvPkN
1	[Web발신] [한진택배] 고객님 택배가 주소지 불일치로 반송 예정입니다. 주소 확인 http://naver-auth-kr.com/PP4Ru
1	[Web발신] [우체국택배] 고객님 택배가 주소지 불일치로 반송 예정입니다. 주소 확인 https://gov24-kr.top/c3amg
1	[롯데택배] 고객님 택배가 주소지 불일치로 반송 예정입니다. 주소 확인 http://post-kr.kim/qt9En.apk
1	[Web발신] [CJ대한통운] 고객님 택배가 주소지 불일치로 반송 예정입니다. 주소 확인 me2.do/GFwUb
1	[한진택배] 고객님 택배가 주소지 불일치로 반송 예정입니다. 주소 확인 http://police-kr.xyz/brsud
1	[로젠택배] 고객님 택배가 주소지 불일치로 반송 예정입니다. 주소 확인 http://nts-go.kim/nvGhY.apk
1	[한진택배] 고객님 택배가 주소지 불일치로 반송 예정입니다. 주소 확인 http://kakao-safe-kr.com/duW89
1	[롯데택배] 고객님 택배가 주소지 불일치로 반송 예정입니다. 주소 확인 http://211.28.13.54/8JceT 감사합니다.
1	[Web발신] [CJ대한통운] 고객님 택배가 주소지 불일치로 반송 예정입니다. 주소 확인 me2.do/55MzK
1	[Web발신] [한진택배] 고객님 택배가 주소지 불일치로 반송 예정입니다. 주소 확인 bit.ly/3VuK4
1	[한진택배] 고객님 택배가 주소지 불일치로 반송 예정입니다. 주소 확인 http://toss-sec.kim/U7WCs.apk
1	[한진택배] 고객님 택배가 주소지 불일치로 반송 예정입니다. 주소 확인 bit.ly/F35KQ 감사합니다.
1	[롯데택배] 고객님 택배가 주소지 불일치로 반송 예정입니다. 주소 확인 http://fss-help.kim/n4zxv.apk
1	[한진택배] 고객님 택배가 주소지 불일치로 반송 예정입니다. 주소 확인 me2.do/dwNxc
1	[한진택배] 고객님 택배가 주소지 불일치로 반송 예정입니다. 주소 확인 bit.ly/D5sak
1	[CJ대한통운] 고객님 택배가 주소지 불일치로 반송 예정입니다. 주소 확인 https://cj-logis.top/QBUna 감사합니다.
1	[Web발신] [한진택배] 고객님 택배가 주소지 불일치로 반송 예정입니다. 주소 확인 naver-auth.site/U4T68
1	[우체국택배] 고객님 택배가 주소지 불일치로 반송 예정입니다. 주소 확인 bit.ly/U4EZD
1	[로젠택배] 고객님 택배가 주소지 불일치로 반송 예정입니다. 주소 확인 http://post-kr.xyz/pzksK 감사합니다.
1	[CJ대한통운] 고객님 택배가 주소지 불일치로 반송 예정입니다. 주소 확인 https://fss-help.top/BHvVp
1	[Web발신] [우체국택배] 고객님 택배가 주소지 불일치로 반송 예정입니다. 주소 확인 bit.ly/nLQtJ
1	[Web발신] [롯데택배] 고객님 택배가 주소지 불일치로 반송 예정입니다. 주소 확인 toss-sec.site/u2YAE
1	[한진택배] 고객님 택배가 주소지 불일치로 반송 예정입니다. 주소 확인 http://coupang-event-kr.com/49S5P
1	[한진택배] 고객님 택배가 주소지 불일치로 반송 예정입니다. 주소 확인 http://kakao-safe.xyz/uvfxr 감사합니다.
1	[우체국택배] 고객님 택배가 주소지 불일치로 반송 예정입니다. 주소 확인 me2.do/BZHSC 감사합니다.
1	[CJ대한통운] 고객님 택배가 주소지 불일치로 반송 예정입니다. 주소 확인 https://fss-help20.online/tjBcC
1	[한진택배] 고객님 택배가 주소지 불일치로 반송 예정입니다. 주소 확인 hanjin-dlv.site/n4SkH
1	[로젠택배] 고객님 택배가 주소지 불일치로 반송 예정입니다. 주소 확인 http://20.94.142.39/6wqZH
1	[우체국택배] 고객님 택배가 주소지 불일치로 반송 예정입니다. 주소 확인 http://219.217.227.1/rj9yb 감사합니다.
1	[CJ대한통운] 고객님 택배가 주소지 불일치로 반송 예정입니다. 주소 확인 gov24-kr.site/H8DEX 감사합니다.
1	[한진택배] 고객님 택배가 주소지 불일치로 반송 예정입니다. 주소 확인 bit.ly/hxyZM
1	[롯데택배] 미수령 택배 보관 중. 오늘까지 주소 수정 바랍니다 http://hanjin-dlv.kim/ubDr3.apk
1	[Web발신] [우체국택배] 미수령 택배 보관 중. 오늘까지 주소 수정 바랍니다 http://138.234.23.1/CSva6
1	[한진택배] 미수령 택배 보관 중. 오늘까지 주소 수정 바랍니다 https://gov24-kr.top/mvNZ5
1	[롯데택배] 미수령 택배 보관 중. 오늘까지 주소 수정 바랍니다 http://kakao-safe.kim/nrsV9.apk 감사합니다.
1	[한진택배] 미수령 택배 보관 중. 오늘까지 주소 수정 바랍니다 https://naver-auth95.online/Db7Kc
1	[롯데택배] 미수령 택배 보관 중. 오늘까지 주소 수정 바랍니다 https://fss-help.top/aqms8 감사합니다.
1	[우체국택배] 미수령 택배 보관 중. 오늘까지 주소 수정 바랍니다 https://nts-go.top/xxHJa
1	[로젠택배] 미수령 택배 보관 중. 오늘까지 주소 수정 바랍니다 http://gov24-kr-kr.com/fy222
1	[한진택배] 미수령 택배 보관 중. 오늘까지 주소 수정 바랍니다 http://toss-sec.kim/BMHwJ.apk
1	[우체국택배] 미수령 택배 보관 중. 오늘까지 주소 수정 바랍니다 me2.do/s5hJJ
1	[로젠택배] 미수령 택배 보관 중. 오늘까지 주소 수정 바랍니다 me2.do/MNmjw
1	[한진택배] 미수령 택배 보관 중. 오늘까지 주소 수정 바랍니다 me2.do/k3ktc
1	[우체국택배] 미수령 택배 보관 중. 오늘까지 주소 수정 바랍니다 http://police-kr-kr.com/T4Prr
1	[Web발신] [롯데택배] 미수령 택배 보관 중. 오늘까지 주소 수정 바랍니다 bit.ly/Z9Y2t
1	[Web발신] [로젠택배] 미수령 택배 보관 중. 오늘까지 주소 수정 바랍니다 http://13.232.206.0/Zk7hf
1	[우체국택배] 미수령 택배 보관 중. 오늘까지 주소 수정 바랍니다 police-kr.site/53yhA
1	[로젠택배] 미수령 택배 보관 중. 오늘까지 주소 수정 바랍니다 hanjin-dlv.site/F8W3z 감사합니다.
1	[Web발신] [우체국택배] 미수령 택배 보관 중. 오늘까지 주소 수정 바랍니다 toss-sec.site/TaMNm
1	[롯데택배] 미수령 택배 보관 중. 오늘까지 주소 수정 바랍니다 me2.do/AFRxA
1	[한진택배] 미수령 택배 보관 중. 오늘까지 주소 수정 바랍니다 http://19.88.252.49/A4AqB
1	[로젠택배] 미수령 택배 보관 중. 오늘까지 주소 수정 바랍니다 hanjin-dlv.site/MtBH9
1	[우체국택배] 미수령 택배 보관 중. 오늘까지 주소 수정 바랍니다 gov24-kr.site/yR7jV 감사합니다.
1	[로젠택배] 미수령 택배 보관 중. 오늘까지 주소 수정 바랍니다 http://gov24-kr.xyz/KVQqn
1	[한진택배] 미수령 택배 보관 중. 오늘까지 주소 수정 바랍니다 me2.do/sxYLd 감사합니다.
1	[Web발신] [우체국택배] 미수령 택배 보관 중. 오늘까지 주소 수정 바랍니다 police-kr.site/L8M8z
1	[한진택배] 미수령 택배 보관 중. 오늘까지 주소 수정 바랍니다 http://106.212.199.81/3zKMy
1	[Web발신] [롯데택배] 미수령 택배 보관 중. 오늘까지 주소 수정 바랍니다 https://fss-help.top/7dK6V
1	[로젠택배] 미수령 택배 보관 중. 오늘까지 주소 수정 바랍니다 https://gov24-kr89.online/UTeST
1	[롯데택배] 미수령 택배 보관 중. 오늘까지 주소 수정 바랍니다 http://gov24-kr-kr.com/QX9kk
1	[한진택배] 미수령 택배 보관 중. 오늘까지 주소 수정 바랍니다 https://hanjin-dlv.top/7M5Hh 감사합니다.
1	[Web발신] [우체국택배] 미수령 택배 보관 중. 오늘까지 주소 수정 바랍니다 hanjin-dlv.site/DjwpA
1	[CJ대한통운] 미수령 택배 보관 중. 오늘까지 주소 수정 바랍니다 me2.do/JS58K 감사합니다.
1	[롯데택배] 미수령 택배 보관 중. 오늘까지 주소 수정 바랍니다 nts-go.site/ybf8B
1	[Web발신] [롯데택배] 미수령 택배 보관 중. 오늘까지 주소 수정 바랍니다 http://gov24-kr.xyz/3LWN9
1	[Web발신] [롯데택배] 미수령 택배 보관 중. 오늘까지 주소 수정 바랍니다 http://post-kr.xyz/XpHkc
1	[로젠택배] 미수령 택배 보관 중. 오늘까지 주소 수정 바랍니다 http://43.173.51.136/4VVaG
1	[우체국택배] 미수령 택배 보관 중. 오늘까지 주소 수정 바랍니다 http://post-kr.xyz/vaLSW
1	[Web발신] [한진택배] 미수령 택배 보관 중. 오늘까지 주소 수정 바랍니다 http://toss-sec-kr.com/c4D9G
1	[한진택배] 미수령 택배 보관 중. 오늘까지 주소 수정 바랍니다 http://post-kr-kr.com/LT9dt
1	[CJ대한통운] 미수령 택배 보관 중. 오늘까지 주소 수정 바랍니다 http://145.106.153.152/EKd6f
1	[국제발신] 해외 직구 물품 관세 미납으로 통관 보류. 납부 확인 https://hanjin-dlv.top/NzGE7
1	[Web발신] [국제발신] 해외 직구 물품 관세 미납으로 통관 보류. 납부 확인 bit.ly/CLBLa
1	[Web발신] [국제발신] 해외 직구 물품 관세 미납으로 통관 보류. 납부 확인 http://cj-logis.xyz/fbGX2
1	[Web발신] [국제발신] 해외 직구 물품 관세 미납으로 통관 보류. 납부 확인 cj-logis.site/u69g7
1	[국제발신] 해외 직구 물품 관세 미납으로 통관 보류. 납부 확인 http://168.16.203.48/6qQB9
1	[국제발신] 해외 직구 물품 관세 미납으로 통관 보류. 납부 확인 http://214.61.131.113/5fmmP
1	[국제발신] 해외 직구 물품 관세 미납으로 통관 보류. 납부 확인 nts-go.site/EFnkP
1	[국제발신] 해외 직구 물품 관세 미납으로 통관 보류. 납부 확인 http://fss-help-kr.com/jtWPs
1	[국제발신] 해외 직구 물품 관세 미납으로 통관 보류. 납부 확인 https://toss-sec50.online/rtBjJ 감사합니다.
1	[Web발신] [국제발신] 해외 직구 물품 관세 미납으로 통관 보류. 납부 확인 http://fss-help.kim/Wj5kE.apk
1	[국제발신] 해외 직구 물품 관세 미납으로 통관 보류. 납부 확인 http://62.74.227.183/Mj6wM 감사합니다.
1	[국제발신] 해외 직구 물품 관세 미납으로 통관 보류. 납부 확인 https://hanjin-dlv.top/23wMK
1	[국제발신] 해외 직구 물품 관세 미납으로 통관 보류. 납부 확인 http://naver-auth.xyz/pG7Pa
1	[국제발신] 해외 직구 물품 관세 미납으로 통관 보류. 납부 확인 bit.ly/dmRDS
1	[Web발신] [국제발신] 해외 직구 물품 관세 미납으로 통관 보류. 납부 확인 http://fss-help.kim/CjxbE.apk
1	[국제발신] 해외 직구 물품 관세 미납으로 통관 보류. 납부 확인 me2.do/C7Lz3
1	[국제발신] 해외 직구 물품 관세 미납으로 통관 보류. 납부 확인 https://toss-sec76.online/4UgB8
1	[국제발신] 해외 직구 물품 관세 미납으로 통관 보류. 납부 확인 https://toss-sec.top/9mmja
1	[국제발신] 해외 직구 물품 관세 미납으로 통관 보류. 납부 확인 https://coupang-event.top/TCNLW 감사합니다.
1	[국제발신] 해외 직구 물품 관세 미납으로 통관 보류. 납부 확인 http://cj-logis.xyz/UK78E 감사합니다.
1	[국제발신] 해외 직구 물품 관세 미납으로 통관 보류. 납부 확인 https://nts-go41.online/uBJ3n
1	[국제발신] 해외 직구 물품 관세 미납으로 통관 보류. 납부 확인 me2.do/x5czu
1	[국제발신] 해외 직구 물품 관세 미납으로 통관 보류. 납부 확인 http://fss-help-kr.com/KRKAr 감사합니다.
1	[국제발신] 해외 직구 물품 관세 미납으로 통관 보류. 납부 확인 https://cj-logis.top/VykK2
1	[국제발신] 해외 직구 물품 관세 미납으로 통관 보류. 납부 확인 me2.do/w6MAM
1	[국제발신] 해외 직구 물품 관세 미납으로 통관 보류. 납부 확인 http://toss-sec.xyz/yWemB
1	[국제발신] 해외 직구 물품 관세 미납으로 통관 보류. 납부 확인 http://coupang-event.xyz/UgXhQ 감사합니다.
1	[국제발신] 해외 직구 물품 관세 미납으로 통관 보류. 납부 확인 http://gov24-kr.kim/rFunN.apk
1	[국제발신] 해외 직구 물품 관세 미납으로 통관 보류. 납부 확인 http://toss-sec-kr.com/AGND6 감사합니다.
1	[국제발신] 해외 직구 물품 관세 미납으로 통관 보류. 납부 확인 https://cj-logis.top/92XpU
1	[국제발신] 해외 직구 물품 관세 미납으로 통관 보류. 납부 확인 https://toss-sec20.online/PrR3X
1	[국제발신] 해외 직구 물품 관세 미납으로 통관 보류. 납부 확인 https://toss-sec.top/MuLSt 감사합니다.
1	[국제발신] 해외 직구 물품 관세 미납으로 통관 보류. 납부 확인 bit.ly/JfNRn
1	[국제발신] 해외 직구 물품 관세 미납으로 통관 보류. 납부 확인 http://fss-help.xyz/Azkxr
1	[Web발신] [국제발신] 해외 직구 물품 관세 미납으로 통관 보류. 납부 확인 http://post-kr-kr.com/s9HsE
1	[국제발신] 해외 직구 물품 관세 미납으로 통관 보류. 납부 확인 http://coupang-event-kr.com/XUP3U
1	[국제발신] 해외 직구 물품 관세 미납으로 통관 보류. 납부 확인 http://gov24-kr-kr.com/9DKAV
1	[국제발신] 해외 직구 물품 관세 미납으로 통관 보류. 납부 확인 http://201.197.62.85/zzztw 감사합니다.
1	[Web발신] [국제발신] 해외 직구 물품 관세 미납으로 통관 보류. 납부 확인 https://post-kr.top/EsKzW
1	[국제발신] 해외 직구 물품 관세 미납으로 통관 보류. 납부 확인 http://hanjin-dlv.kim/AjEyA.apk
1	고객님 택배 운송장 번호(965014) 주소 불명. kakao-safe.site/hkJmc 확인 후 재배송 신청 감사합니다.
1	[Web발신] 고객님 택배 운송장 번호(859235) 주소 불명. bit.ly/PtwDz 확인 후 재배송 신청
1	고객님 택배 운송장 번호(574036) 주소 불명. http://coupang-event.kim/KpVw6.apk 확인 후 재배송 신청
1	고객님 택배 운송장 번호(454605) 주소 불명. bit.ly/nmPdy 확인 후 재배송 신청 감사합니다.
1	고객님 택배 운송장 번호(602134) 주소 불명. police-kr.site/UfsXF 확인 후 재배송 신청
1	고객님 택배 운송장 번호(269388) 주소 불명. http://185.113.16.80/QJZLq 확인 후 재배송 신청
1	고객님 택배 운송장 번호(397270) 주소 불명. http://police-kr.kim/BaqPu.apk 확인 후 재배송 신청 감사합니다.
1	고객님 택배 운송장 번호(767020) 주소 불명. me2.do/fP6J9 확인 후 재배송 신청 감사합니다.
1	고객님 택배 운송장 번호(538022) 주소 불명. https://hanjin-dlv24.online/PxtTf 확인 후 재배송 신청
1	[Web발신] 고객님 택배 운송장 번호(465767) 주소 불명. https://police-kr.top/YRBcD 확인 후 재배송 신청
1	[Web발신] 고객님 택배 운송장 번호(677209) 주소 불명. http://20.107.34.47/8MDuF 확인 후 재배송 신청
1	[Web발신] 고객님 택배 운송장 번호(248470) 주소 불명. http://post-kr-kr.com/QQy3y 확인 후 재배송 신청
1	고객님 택배 운송장 번호(576479) 주소 불명. http://coupang-event.xyz/wcybz 확인 후 재배송 신청 감사합니다.
1	고객님 택배 운송장 번호(208117) 주소 불명. http://84.73.22.21/FExGH 확인 후 재배송 신청
1	[Web발신] 고객님 택배 운송장 번호(670940) 주소 불명. http://post-kr-kr.com/VSQmp 확인 후 재배송 신청
1	고객님 택배 운송장 번호(592058) 주소 불명. http://kakao-safe.kim/yd2Ec.apk 확인 후 재배송 신청
1	고객님 택배 운송장 번호(281933) 주소 불명. bit.ly/cYfYJ 확인 후 재배송 신청
1	고객님 택배 운송장 번호(483734) 주소 불명. http://cj-logis.xyz/wfNLn 확인 후 재배송 신청
1	고객님 택배 운송장 번호(589753) 주소 불명. https://toss-sec69.online/Nu8YT 확인 후 재배송 신청 감사합니다.
1	고객님 택배 운송장 번호(346360) 주소 불명. naver-auth.site/JXrP4 확인 후 재배송 신청
1	고객님 택배 운송장 번호(295010) 주소 불명. toss-sec.site/u4fyH 확인 후 재배송 신청
1	고객님 택배 운송장 번호(449815) 주소 불명. https://police-kr.top/uNk6m 확인 후 재배송 신청 감사합니다.
1	고객님 택배 운송장 번호(434502) 주소 불명. https://gov24-kr.top/3xh9Z 확인 후 재배송 신청
1	고객님 택배 운송장 번호(558615) 주소 불명. http://toss-sec.kim/gSNkg.apk 확인 후 재배송 신청
1	고객님 택배 운송장 번호(384440) 주소 불명. bit.ly/BnNhA 확인 후 재배송 신청
1	고객님 택배 운송장 번호(708803) 주소 불명. http://post-kr-kr.com/hBeDV 확인 후 재배송 신청 감사합니다.
1	[Web발신] 고객님 택배 운송장 번호(435953) 주소 불명. https://fss-help72.online/Wb9CV 확인 후 재배송 신청
1	고객님 택배 운송장 번호(683661) 주소 불명. me2.do/NfDWx 확인 후 재배송 신청 감사합니다.
1	고객님 택배 운송장 번호(898793) 주소 불명. https://naver-auth.top/9qV3V 확인 후 재배송 신청 감사합니다.
1	[Web발신] 고객님 택배 운송장 번호(908416) 주소 불명. fss-help.site/N7qfv 확인 후 재배송 신청
1	[Web발신] 고객님 택배 운송장 번호(835004) 주소 불명. https://police-kr.top/5ejEw 확인 후 재배송 신청
1	고객님 택배 운송장 번호(531837) 주소 불명. bit.ly/Kj89y 확인 후 재배송 신청
1	고객님 택배 운송장 번호(736121) 주소 불명. me2.do/7tb75 확인 후 재배송 신청
1	[Web발신] 고객님 택배 운송장 번호(198909) 주소 불명. http://coupang-event.kim/rjC82.apk 확인 후 재배송 신청
1	고객님 택배 운송장 번호(180017) 주소 불명. post-kr.site/u9LWJ 확인 후 재배송 신청
1	고객님 택배 운송장 번호(236323) 주소 불명. gov24-kr.site/s8QLJ 확인 후 재배송 신청
1	[Web발신] 고객님 택배 운송장 번호(229799) 주소 불명. http://cj-logis.kim/2awfR.apk 확인 후 재배송 신청
1	고객님 택배 운송장 번호(341615) 주소 불명. http://post-kr.kim/u5QLy.apk 확인 후 재배송 신청 감사합니다.
1	고객님 택배 운송장 번호(721377) 주소 불명. http://post-kr-kr.com/GCfvz 확인 후 재배송 신청 감사합니다.
1	고객님 택배 운송장 번호(350495) 주소 불명. me2.do/P8tvn 확인 후 재배송 신청
1	[한진택배] 배송비 2,500원 미결제로 배송이 지연되고 있습니다 http://fss-help-kr.com/32dSV
1	[한진택배] 배송비 2,500원 미결제로 배송이 지연되고 있습니다 http://toss-sec.kim/89bkb.apk 감사합니다.
1	[롯데택배] 배송비 2,500원 미결제로 배송이 지연되고 있습니다 https://nts-go70.online/fe67r
1	[한진택배] 배송비 300만원 미결제로 배송이 지연되고 있습니다 hanjin-dlv.site/eQ5Xq
1	[우체국택배] 배송비 3,000원 미결제로 배송이 지연되고 있습니다 http://nts-go.xyz/zSZny
1	[CJ대한통운] 배송비 49,800원 미결제로 배송이 지연되고 있습니다 https://toss-sec52.online/CyV6n 감사합니다.
1	[롯데택배] 배송비 1,980,000원 미결제로 배송이 지연되고 있습니다 https://cj-logis69.online/MRZXn 감사합니다.
1	[롯데택배] 배송비 2,500원 미결제로 배송이 지연되고 있습니다 http://toss-sec.xyz/zFpK2 감사합니다.
1	[Web발신] [CJ대한통운] 배송비 1,980,000원 미결제로 배송이 지연되고 있습니다 http://police-kr.xyz/mQ2ja
1	[Web발신] [한진택배] 배송비 49,800원 미결제로 배송이 지연되고 있습니다 http://naver-auth.kim/PqpxT.apk
1	[로젠택배] 배송비 49,800원 미결제로 배송이 지연되고 있습니다 bit.ly/bX8V3
1	[Web발신] [우체국택배] 배송비 1,980,000원 미결제로 배송이 지연되고 있습니다 http://police-kr-kr.com/JAVtc
1	[한진택배] 배송비 49,800원 미결제로 배송이 지연되고 있습니다 http://post-kr.xyz/f3g78 감사합니다.
1	[로젠택배] 배송비 300만원 미결제로 배송이 지연되고 있습니다 nts-go.site/VpxaQ
1	[Web발신] [CJ대한통운] 배송비 2,500원 미결제로 배송이 지연되고 있습니다 http://coupang-event.xyz/wndLy
1	[Web발신] [로젠택배] 배송비 300만원 미결제로 배송이 지연되고 있습니다 http://gov24-kr.kim/t5aME.apk
1	[CJ대한통운] 배송비 50만원 미결제로 배송이 지연되고 있습니다 http://coupang-event.xyz/5gMYr
1	[롯데택배] 배송비 50만원 미결제로 배송이 지연되고 있습니다 http://kakao-safe-kr.com/dj2cb
1	[Web발신] [한진택배] 배송비 1,980,000원 미결제로 배송이 지연되고 있습니다 http://cj-logis.xyz/RrKRT
1	[Web발신] [로젠택배] 배송비 120만원 미결제로 배송이 지연되고 있습니다 hanjin-dlv.site/swJE2
1	[Web발신] [우체국택배] 배송비 49,800원 미결제로 배송이 지연되고 있습니다 bit.ly/DuB2n
1	[Web발신] [한진택배] 배송비 120만원 미결제로 배송이 지연되고 있습니다 http://116.196.79.96/KFdHL
1	[Web발신] [롯데택배] 배송비 49,800원 미결제로 배송이 지연되고 있습니다 fss-help.site/wFzLK
1	[로젠택배] 배송비 1,980,000원 미결제로 배송이 지연되고 있습니다 http://kakao-safe-kr.com/LEFE3
1	[로젠택배] 배송비 49,800원 미결제로 배송이 지연되고 있습니다 me2.do/jjBhC
1	[한진택배] 배송비 2,500원 미결제로 배송이 지연되고 있습니다 https://post-kr57.online/KgR9j
1	[CJ대한통운] 배송비 3,000원 미결제로 배송이 지연되고 있습니다 http://police-kr.xyz/6zxuR
1	[로젠택배] 배송비 1,980,000원 미결제로 배송이 지연되고 있습니다 http://172.149.249.10/nyszS
1	[CJ대한통운] 배송비 1,980,000원 미결제로 배송이 지연되고 있습니다 http://post-kr.kim/6zxuX.apk
1	[Web발신] [한진택배] 배송비 2,500원 미결제로 배송이 지연되고 있습니다 bit.ly/WufPe
1	[Web발신] [롯데택배] 배송비 49,800원 미결제로 배송이 지연되고 있습니다 http://19.126.97.63/bNfLF
1	[우체국택배] 배송비 3,000원 미결제로 배송이 지연되고 있습니다 me2.do/nPcmk
1	[Web발신] [로젠택배] 배송비 2,500원 미결제로 배송이 지연되고 있습니다 http://coupang-event.kim/uJVP9.apk
1	[롯데택배] 배송비 3,000원 미결제로 배송이 지연되고 있습니다 http://fss-help-kr.com/ZE9jC
1	[Web발신] [롯데택배] 배송비 3,000원 미결제로 배송이 지연되고 있습니다 http://fss-help.xyz/UasBm
1	[한진택배] 배송비 300만원 미결제로 배송이 지연되고 있습니다 https://coupang-event.top/cgS5N
1	[Web발신] [우체국택배] 배송비 3,000원 미결제로 배송이 지연되고 있습니다 http://post-kr.kim/egsCy.apk
1	[롯데택배] 배송비 300만원 미결제로 배송이 지연되고 있습니다 me2.do/QYufj
1	[롯데택배] 배송비 50만원 미결제로 배송이 지연되고 있습니다 post-kr.site/ghrgN 감사합니다.
1	[CJ대한통운] 배송비 300만원 미결제로 배송이 지연되고 있습니다 me2.do/c6hrg
1	엄마 나 폰 액정 깨져서 수리 맡겼어. 이 번호로 문자 줘
1	아빠~ 나 폰 액정 깨져서 수리 맡겼어. 이 번호로 문자 줘 감사합니다.
1	아빠 나 폰 액정 깨져서 수리 맡겼어. 이 번호로 문자 줘
1	아빠 나 폰 액정 깨져서 수리 맡겼어. 이 번호로 문자 줘 감사합니다.
1	[Web발신] 엄마 나 폰 액정 깨져서 수리 맡겼어. 이 번호로 문자 줘
1	엄마 나 폰 액정 깨져서 수리 맡겼어. 이 번호로 문자 줘 감사합니다.
1	[Web발신] 아빠 나 폰 액정 깨져서 수리 맡겼어. 이 번호로 문자 줘
1	[Web발신] 엄마! 나 폰 액정 깨져서 수리 맡겼어. 이 번호로 문자 줘
1	엄마! 나 폰 액정 깨져서 수리 맡겼어. 이 번호로 문자 줘
1	[Web발신] 아빠~ 나 폰 액정 깨져서 수리 맡겼어. 이 번호로 문자 줘
1	아빠~ 나 폰 액정 깨져서 수리 맡겼어. 이 번호로 문자 줘
1	엄마! 나 지영인데 폰 고장나서 친구폰으로 연락해. 급하게 상품권 좀 사줄 수 있어? 감사합니다.
1	아빠~ 나 하은인데 폰 고장나서 친구폰으로 연락해. 급하게 상품권 좀 사줄 수 있어? 감사합니다.
1	[Web발신] 엄마 나 도윤인데 폰 고장나서 친구폰으로 연락해. 급하게 상품권 좀 사줄 수 있어?
1	엄마 나 도윤인데 폰 고장나서 친구폰으로 연락해. 급하게 상품권 좀 사줄 수 있어?
1	아빠 나 민수인데 폰 고장나서 친구폰으로 연락해. 급하게 상품권 좀 사줄 수 있어?
1	[Web발신] 엄마 나 현우인데 폰 고장나서 친구폰으로 연락해. 급하게 상품권 좀 사줄 수 있어?
1	엄마 나 수진인데 폰 고장나서 친구폰으로 연락해. 급하게 상품권 좀 사줄 수 있어?
1	[Web발신] 아빠~ 나 민수인데 폰 고장나서 친구폰으로 연락해. 급하게 상품권 좀 사줄 수 있어?
1	엄마 나 준호인데 폰 고장나서 친구폰으로 연락해. 급하게 상품권 좀 사줄 수 있어?
1	아빠~ 나 지영인데 폰 고장나서 친구폰으로 연락해. 급하게 상품권 좀 사줄 수 있어?
1	아빠 나 준호인데 폰 고장나서 친구폰으로 연락해. 급하게 상품권 좀 사줄 수 있어?
1	아빠~ 나 서연인데 폰 고장나서 친구폰으로 연락해. 급하게 상품권 좀 사줄 수 있어?
1	[Web발신] 엄마 나 민수인데 폰 고장나서 친구폰으로 연락해. 급하게 상품권 좀 사줄 수 있어?
1	아빠~ 나 수진인데 폰 고장나서 친구폰으로 연락해. 급하게 상품권 좀 사줄 수 있어? 감사합니다.
1	아빠~ 나 도윤인데 폰 고장나서 친구폰으로 연락해. 급하게 상품권 좀 사줄 수 있어? 감사합니다.
1	엄마 나 도윤인데 폰 고장나서 친구폰으로 연락해. 급하게 상품권 좀 사줄 수 있어? 감사합니다.
1	아빠~ 나 도윤인데 폰 고장나서 친구폰으로 연락해. 급하게 상품권 좀 사줄 수 있어?
1	엄마! 나 민수인데 폰 고장나서 친구폰으로 연락해. 급하게 상품권 좀 사줄 수 있어? 감사합니다.
1	엄마! 나 하은인데 폰 고장나서 친구폰으로 연락해. 급하게 상품권 좀 사줄 수 있어?
1	[Web발신] 아빠~ 나 하은인데 폰 고장나서 친구폰으로 연락해. 급하게 상품권 좀 사줄 수 있어?
1	엄마 나 현우인데 폰 고장나서 친구폰으로 연락해. 급하게 상품권 좀 사줄 수 있어? 감사합니다.
1	아빠~ 나 현우인데 폰 고장나서 친구폰으로 연락해. 급하게 상품권 좀 사줄 수 있어?
1	아빠 나 도윤인데 폰 고장나서 친구폰으로 연락해. 급하게 상품권 좀 사줄 수 있어? 감사합니다.
1	[Web발신] 아빠 나 민수인데 폰 고장나서 친구폰으로 연락해. 급하게 상품권 좀 사줄 수 있어?
1	엄마 나 하은인데 폰 고장나서 친구폰으로 연락해. 급하게 상품권 좀 사줄 수 있어?
1	[Web발신] 아빠 나 도윤인데 폰 고장나서 친구폰으로 연락해. 급하게 상품권 좀 사줄 수 있어?
1	[Web발신] 아빠 나 서연인데 폰 고장나서 친구폰으로 연락해. 급하게 상품권 좀 사줄 수 있어?
1	아빠~ 나 수진인데 폰 고장나서 친구폰으로 연락해. 급하게 상품권 좀 사줄 수 있어?
1	엄마! 나 수진인데 폰 고장나서 친구폰으로 연락해. 급하게 상품권 좀 사줄 수 있어?
1	[Web발신] 아빠 나 준호인데 폰 고장나서 친구폰으로 연락해. 급하게 상품권 좀 사줄 수 있어?
1	아빠 나 수진인데 폰 고장나서 친구폰으로 연락해. 급하게 상품권 좀 사줄 수 있어? 감사합니다.
1	아빠 나 준호인데 폰 고장나서 친구폰으로 연락해. 급하게 상품권 좀 사줄 수 있어? 감사합니다.
1	엄마! 나 서연인데 폰 고장나서 친구폰으로 연락해. 급하게 상품권 좀 사줄 수 있어?
1	아빠 바빠? 나 지금 급해서 그런데 300만원만 이 계좌로 보내줘 신한은행 409-25-2272656
1	[Web발신] 아빠 바빠? 나 지금 급해서 그런데 3,000원만 이 계좌로 보내줘 우리은행 440-36-7942093
1	아빠 바빠? 나 지금 급해서 그런데 2,500원만 이 계좌로 보내줘 국민은행 521-52-2666975 감사합니다.
1	엄마! 바빠? 나 지금 급해서 그런데 120만원만 이 계좌로 보내줘 국민은행 635-49-7623635 감사합니다.
1	[Web발신] 아빠 바빠? 나 지금 급해서 그런데 1,980,000원만 이 계좌로 보내줘 우리은행 993-96-1930650
1	엄마 바빠? 나 지금 급해서 그런데 2,500원만 이 계좌로 보내줘 농협 844-84-8084205
1	아빠~ 바빠? 나 지금 급해서 그런데 2,500원만 이 계좌로 보내줘 국민은행 749-27-2638182
1	엄마 바빠? 나 지금 급해서 그런데 300만원만 이 계좌로 보내줘 농협 807-91-8651228
1	아빠~ 바빠? 나 지금 급해서 그런데 2,500원만 이 계좌로 보내줘 국민은행 751-59-3307005
1	아빠~ 바빠? 나 지금 급해서 그런데 2,500원만 이 계좌로 보내줘 국민은행 402-71-6158250 감사합니다.
1	엄마 바빠? 나 지금 급해서 그런데 120만원만 이 계좌로 보내줘 우리은행 197-64-2287327 감사합니다.
1	아빠 바빠? 나 지금 급해서 그런데 1,980,000원만 이 계좌로 보내줘 국민은행 759-81-2227658
1	아빠 바빠? 나 지금 급해서 그런데 120만원만 이 계좌로 보내줘 하나은행 342-74-5070508
1	아빠~ 바빠? 나 지금 급해서 그런데 120만원만 이 계좌로 보내줘 하나은행 595-58-9855429
1	엄마! 바빠? 나 지금 급해서 그런데 300만원만 이 계좌로 보내줘 국민은행 464-23-3955593
1	아빠~ 바빠? 나 지금 급해서 그런데 1,980,000원만 이 계좌로 보내줘 신한은행 298-98-9754277 감사합니다.
1	엄마! 바빠? 나 지금 급해서 그런데 49,800원만 이 계좌로 보내줘 농협 344-80-3109552
1	아빠~ 바빠? 나 지금 급해서 그런데 1,980,000원만 이 계좌로 보내줘 하나은행 287-97-5066281
1	아빠 바빠? 나 지금 급해서 그런데 50만원만 이 계좌로 보내줘 우리은행 705-53-6166882
1	엄마! 바빠? 나 지금 급해서 그런데 300만원만 이 계좌로 보내줘 농협 582-84-9640663
1	엄마 바빠? 나 지금 급해서 그런데 300만원만 이 계좌로 보내줘 우리은행 701-33-7004661
1	아빠 바빠? 나 지금 급해서 그런데 49,800원만 이 계좌로 보내줘 국민은행 430-82-3692938
1	엄마 바빠? 나 지금 급해서 그런데 2,500원만 이 계좌로 보내줘 우리은행 539-50-9701759 감사합니다.
1	엄마! 바빠? 나 지금 급해서 그런데 3,000원만 이 계좌로 보내줘 신한은행 823-23-2037711
1	엄마 바빠? 나 지금 급해서 그런데 1,980,000원만 이 계좌로 보내줘 국민은행 764-60-8627875
1	아빠~ 바빠? 나 지금 급해서 그런데 1,980,000원만 이 계좌로 보내줘 농협 864-52-4495182
1	[Web발신] 엄마! 바빠? 나 지금 급해서 그런데 2,500원만 이 계좌로 보내줘 국민은행 975-52-7150552
1	아빠~ 바빠? 나 지금 급해서 그런데 1,980,000원만 이 계좌로 보내줘 하나은행 200-41-6769102
1	아빠 바빠? 나 지금 급해서 그런데 49,800원만 이 계좌로 보내줘 우리은행 112-83-7743996
1	엄마! 바빠? 나 지금 급해서 그런데 120만원만 이 계좌로 보내줘 우리은행 467-45-9450058
1	[Web발신] 아빠 바빠? 나 지금 급해서 그런데 49,800원만 이 계좌로 보내줘 하나은행 321-38-1276215
1	[Web발신] 엄마 바빠? 나 지금 급해서 그런데 120만원만 이 계좌로 보내줘 우리은행 498-31-1687599
1	[Web발신] 엄마 바빠? 나 지금 급해서 그런데 2,500원만 이 계좌로 보내줘 국민은행 718-12-1829006
1	아빠~ 바빠? 나 지금 급해서 그런데 300만원만 이 계좌로 보내줘 신한은행 888-66-6107537
1	[Web발신] 엄마! 바빠? 나 지금 급해서 그런데 300만원만 이 계좌로 보내줘 농협 352-48-3309923
1	[Web발신] 아빠 바빠? 나 지금 급해서 그런데 50만원만 이 계좌로 보내줘 국민은행 754-38-6247503
1	[Web발신] 아빠~ 바빠? 나 지금 급해서 그런데 300만원만 이 계좌로 보내줘 농협 331-19-2922114
1	엄마 바빠? 나 지금 급해서 그런데 300만원만 이 계좌로 보내줘 농협 168-11-2689096
1	[Web발신] 아빠~ 바빠? 나 지금 급해서 그런데 120만원만 이 계좌로 보내줘 신한은행 750-65-7118583
1	아빠~ 바빠? 나 지금 급해서 그런데 1,980,000원만 이 계좌로 보내줘 국민은행 659-90-3835848
1	아빠 나 휴대폰 보험 처리하려는데 인증번호 좀 알려줘
1	엄마 나 휴대폰 보험 처리하려는데 인증번호 좀 알려줘
1	엄마! 나 휴대폰 보험 처리하려는데 인증번호 좀 알려줘
1	엄마 나 휴대폰 보험 처리하려는데 인증번호 좀 알려줘 감사합니다.
1	[Web발신] 엄마 나 휴대폰 보험 처리하려는데 인증번호 좀 알려줘
1	[Web발신] 아빠~ 나 휴대폰 보험 처리하려는데 인증번호 좀 알려줘
1	[Web발신] 아빠 나 휴대폰 보험 처리하려는데 인증번호 좀 알려줘
1	엄마! 나 휴대폰 보험 처리하려는데 인증번호 좀 알려줘 감사합니다.
1	[Web발신] 엄마! 나 휴대폰 보험 처리하려는데 인증번호 좀 알려줘
1	아빠 나 휴대폰 보험 처리하려는데 인증번호 좀 알려줘 감사합니다.
1	아빠~ 나 휴대폰 보험 처리하려는데 인증번호 좀 알려줘
1	아빠~ 나 휴대폰 보험 처리하려는데 인증번호 좀 알려줘 감사합니다.
1	엄마! 이 링크로 앱 하나만 설치해 줘 내가 처리할게 http://148.148.201.97/Rwfsf
1	엄마 이 링크로 앱 하나만 설치해 줘 내가 처리할게 https://nts-go60.online/EB82V
1	아빠 이 링크로 앱 하나만 설치해 줘 내가 처리할게 police-kr.site/R4ALn
1	아빠~ 이 링크로 앱 하나만 설치해 줘 내가 처리할게 bit.ly/hnVhJ
1	[Web발신] 아빠~ 이 링크로 앱 하나만 설치해 줘 내가 처리할게 me2.do/JNTjH
1	아빠 이 링크로 앱 하나만 설치해 줘 내가 처리할게 http://gov24-kr.xyz/LvPBk
1	아빠 이 링크로 앱 하나만 설치해 줘 내가 처리할게 http://fss-help-kr.com/SgzGp 감사합니다.
1	아빠 이 링크로 앱 하나만 설치해 줘 내가 처리할게 me2.do/H55kV
1	엄마 이 링크로 앱 하나만 설치해 줘 내가 처리할게 http://117.237.2.55/j8rEt
1	아빠 이 링크로 앱 하나만 설치해 줘 내가 처리할게 https://post-kr.top/Z5pnb
1	아빠~ 이 링크로 앱 하나만 설치해 줘 내가 처리할게 http://103.165.23.231/xNYz8
1	아빠~ 이 링크로 앱 하나만 설치해 줘 내가 처리할게 http://cj-logis-kr.com/8yReh
1	엄마 이 링크로 앱 하나만 설치해 줘 내가 처리할게 me2.do/TheMM 감사합니다.
1	[Web발신] 엄마! 이 링크로 앱 하나만 설치해 줘 내가 처리할게 http://154.15.140.141/hyhnt
1	[Web발신] 엄마! 이 링크로 앱 하나만 설치해 줘 내가 처리할게 http://post-kr.kim/XSyxS.apk
1	엄마 이 링크로 앱 하나만 설치해 줘 내가 처리할게 http://fss-help-kr.com/pcepM 감사합니다.
1	엄마 이 링크로 앱 하나만 설치해 줘 내가 처리할게 me2.do/jvaGR
1	엄마! 이 링크로 앱 하나만 설치해 줘 내가 처리할게 https://post-kr12.online/fATVC 감사합니다.
1	엄마 이 링크로 앱 하나만 설치해 줘 내가 처리할게 http://coupang-event.xyz/7QdH4 감사합니다.
1	아빠 이 링크로 앱 하나만 설치해 줘 내가 처리할게 bit.ly/nKePh
1	[Web발신] 엄마 이 링크로 앱 하나만 설치해 줘 내가 처리할게 https://kakao-safe27.online/QEx3u
1	엄마 이 링크로 앱 하나만 설치해 줘 내가 처리할게 https://hanjin-dlv.top/UDy8s
1	[Web발신] 엄마! 이 링크로 앱 하나만 설치해 줘 내가 처리할게 police-kr.site/wuGys
1	[Web발신] 엄마 이 링크로 앱 하나만 설치해 줘 내가 처리할게 http://96.183.104.30/6dzkf
1	엄마 이 링크로 앱 하나만 설치해 줘 내가 처리할게 http://naver-auth.kim/74e2S.apk 감사합니다.
1	엄마 이 링크로 앱 하나만 설치해 줘 내가 처리할게 http://fss-help.kim/tfAu3.apk 감사합니다.
1	[Web발신] 아빠~ 이 링크로 앱 하나만 설치해 줘 내가 처리할게 http://203.46.12.196/PvrsR
1	[Web발신] 엄마 이 링크로 앱 하나만 설치해 줘 내가 처리할게 https://nts-go.top/jJSaX
1	엄마! 이 링크로 앱 하나만 설치해 줘 내가 처리할게 http://hanjin-dlv.kim/4Wuzc.apk
1	엄마 이 링크로 앱 하나만 설치해 줘 내가 처리할게 http://police-kr.xyz/cBk2Q
1	[Web발신] 엄마 이 링크로 앱 하나만 설치해 줘 내가 처리할게 me2.do/BbKnN
1	엄마! 이 링크로 앱 하나만 설치해 줘 내가 처리할게 http://nts-go-kr.com/GgmyN
1	아빠 이 링크로 앱 하나만 설치해 줘 내가 처리할게 http://57.60.144.134/ULnP7
1	아빠~ 이 링크로 앱 하나만 설치해 줘 내가 처리할게 bit.ly/ujje2 감사합니다.
1	엄마 이 링크로 앱 하나만 설치해 줘 내가 처리할게 toss-sec.site/q3ehP
1	아빠 이 링크로 앱 하나만 설치해 줘 내가 처리할게 http://gov24-kr.xyz/uaPbX
1	엄마 이 링크로 앱 하나만 설치해 줘 내가 처리할게 http://cj-logis.kim/M7xx7.apk 감사합니다.
1	[Web발신] 엄마 이 링크로 앱 하나만 설치해 줘 내가 처리할게 me2.do/ZtSZD
1	엄마 이 링크로 앱 하나만 설치해 줘 내가 처리할게 http://police-kr-kr.com/wnxxw
1	[Web발신] 엄마! 이 링크로 앱 하나만 설치해 줘 내가 처리할게 https://fss-help.top/UxDBa
1	[Web발신] 서울중앙지검 수사관입니다. 고객님 명의 계좌가 범죄에 연루되어 연락드립니다. 회신 바랍니다.
1	서울중앙지검 수사관입니다. 고객님 명의 계좌가 범죄에 연루되어 연락드립니다. 회신 바랍니다. 감사합니다.
1	서울중앙지검 수사관입니다. 고객님 명의 계좌가 범죄에 연루되어 연락드립니다. 회신 바랍니다.
1	[Web발신] [금융감독원] 귀하 명의도용 피해 신고 접수. 안전계좌로 자산 이전 필요. 문의 02-9119-3316
1	[금융감독원] 귀하 명의도용 피해 신고 접수. 안전계좌로 자산 이전 필요. 문의 02-3676-5450
1	[Web발신] [금융감독원] 귀하 명의도용 피해 신고 접수. 안전계좌로 자산 이전 필요. 문의 02-1033-8048
1	[금융감독원] 귀하 명의도용 피해 신고 접수. 안전계좌로 자산 이전 필요. 문의 02-3979-5473
1	[금융감독원] 귀하 명의도용 피해 신고 접수. 안전계좌로 자산 이전 필요. 문의 02-2606-8366 감사합니다.
1	[금융감독원] 귀하 명의도용 피해 신고 접수. 안전계좌로 자산 이전 필요. 문의 02-7260-2254
1	[금융감독원] 귀하 명의도용 피해 신고 접수. 안전계좌로 자산 이전 필요. 문의 02-8260-2595
1	[금융감독원] 귀하 명의도용 피해 신고 접수. 안전계좌로 자산 이전 필요. 문의 02-9955-6764
1	[금융감독원] 귀하 명의도용 피해 신고 접수. 안전계좌로 자산 이전 필요. 문의 02-5604-6913
1	[금융감독원] 귀하 명의도용 피해 신고 접수. 안전계좌로 자산 이전 필요. 문의 02-7863-2128 감사합니다.
1	[금융감독원] 귀하 명의도용 피해 신고 접수. 안전계좌로 자산 이전 필요. 문의 02-1399-6440
1	[금융감독원] 귀하 명의도용 피해 신고 접수. 안전계좌로 자산 이전 필요. 문의 02-6489-8437 감사합니다.
1	[Web발신] [금융감독원] 귀하 명의도용 피해 신고 접수. 안전계좌로 자산 이전 필요. 문의 02-7124-9662
1	[금융감독원] 귀하 명의도용 피해 신고 접수. 안전계좌로 자산 이전 필요. 문의 02-7898-3301
1	[금융감독원] 귀하 명의도용 피해 신고 접수. 안전계좌로 자산 이전 필요. 문의 02-6885-8206
1	[금융감독원] 귀하 명의도용 피해 신고 접수. 안전계좌로 자산 이전 필요. 문의 02-9888-1801
1	[금융감독원] 귀하 명의도용 피해 신고 접수. 안전계좌로 자산 이전 필요. 문의 02-5493-7174
1	[금융감독원] 귀하 명의도용 피해 신고 접수. 안전계좌로 자산 이전 필요. 문의 02-7197-3796
1	[금융감독원] 귀하 명의도용 피해 신고 접수. 안전계좌로 자산 이전 필요. 문의 02-5196-9838
1	[금융감독원] 귀하 명의도용 피해 신고 접수. 안전계좌로 자산 이전 필요. 문의 02-7472-2884
1	[금융감독원] 귀하 명의도용 피해 신고 접수. 안전계좌로 자산 이전 필요. 문의 02-5884-9785
1	[금융감독원] 귀하 명의도용 피해 신고 접수. 안전계좌로 자산 이전 필요. 문의 02-1097-8306
1	[금융감독원] 귀하 명의도용 피해 신고 접수. 안전계좌로 자산 이전 필요. 문의 02-4955-6821
1	[금융감독원] 귀하 명의도용 피해 신고 접수. 안전계좌로 자산 이전 필요. 문의 02-1694-2013 감사합니다.
1	[Web발신] [금융감독원] 귀하 명의도용 피해 신고 접수. 안전계좌로 자산 이전 필요. 문의 02-5854-4628
1	[금융감독원] 귀하 명의도용 피해 신고 접수. 안전계좌로 자산 이전 필요. 문의 02-6005-3069 감사합니다.
1	[금융감독원] 귀하 명의도용 피해 신고 접수. 안전계좌로 자산 이전 필요. 문의 02-5906-1836
1	[금융감독원] 귀하 명의도용 피해 신고 접수. 안전계좌로 자산 이전 필요. 문의 02-6548-8845
1	[금융감독원] 귀하 명의도용 피해 신고 접수. 안전계좌로 자산 이전 필요. 문의 02-8429-3621
1	[금융감독원] 귀하 명의도용 피해 신고 접수. 안전계좌로 자산 이전 필요. 문의 02-6024-8445
1	[금융감독원] 귀하 명의도용 피해 신고 접수. 안전계좌로 자산 이전 필요. 문의 02-4043-1629 감사합니다.
1	[Web발신] [금융감독원] 귀하 명의도용 피해 신고 접수. 안전계좌로 자산 이전 필요. 문의 02-5616-4944
1	[Web발신] [금융감독원] 귀하 명의도용 피해 신고 접수. 안전계좌로 자산 이전 필요. 문의 02-7316-4219
1	[Web발신] [금융감독원] 귀하 명의도용 피해 신고 접수. 안전계좌로 자산 이전 필요. 문의 02-7677-2035
1	[금융감독원] 귀하 명의도용 피해 신고 접수. 안전계좌로 자산 이전 필요. 문의 02-6422-8355
1	[금융감독원] 귀하 명의도용 피해 신고 접수. 안전계좌로 자산 이전 필요. 문의 02-9983-2239
1	[금융감독원] 귀하 명의도용 피해 신고 접수. 안전계좌로 자산 이전 필요. 문의 02-8722-1562 감사합니다.
1	[Web발신] [금융감독원] 귀하 명의도용 피해 신고 접수. 안전계좌로 자산 이전 필요. 문의 02-7343-7084
1	[금융감독원] 귀하 명의도용 피해 신고 접수. 안전계좌로 자산 이전 필요. 문의 02-1826-8285 감사합니다.
1	[금융감독원] 귀하 명의도용 피해 신고 접수. 안전계좌로 자산 이전 필요. 문의 02-5890-3038
1	[Web발신] [경찰청] 교통법규 위반 과태료 고지서 발송. 확인 http://post-kr.kim/6VDfh.apk
1	[경찰청] 교통법규 위반 과태료 고지서 발송. 확인 http://187.27.68.82/2FTdZ
1	[Web발신] [경찰청] 교통법규 위반 과태료 고지서 발송. 확인 http://cj-logis.xyz/apYVV
1	[경찰청] 교통법규 위반 과태료 고지서 발송. 확인 post-kr.site/whkEp 감사합니다.
1	[경찰청] 교통법규 위반 과태료 고지서 발송. 확인 bit.ly/rPvBT
1	[경찰청] 교통법규 위반 과태료 고지서 발송. 확인 https://coupang-event88.online/HJU7Q 감사합니다.
1	[경찰청] 교통법규 위반 과태료 고지서 발송. 확인 http://gov24-kr.xyz/LvzwH
1	[경찰청] 교통법규 위반 과태료 고지서 발송. 확인 me2.do/EZy4A 감사합니다.
1	[경찰청] 교통법규 위반 과태료 고지서 발송. 확인 http://fss-help.xyz/yF44w 감사합니다.
1	[경찰청] 교통법규 위반 과태료 고지서 발송. 확인 http://nts-go.kim/mv28V.apk
1	[경찰청] 교통법규 위반 과태료 고지서 발송. 확인 http://fss-help-kr.com/2VBmE
1	[경찰청] 교통법규 위반 과태료 고지서 발송. 확인 bit.ly/3DcqU
1	[Web발신] [경찰청] 교통법규 위반 과태료 고지서 발송. 확인 me2.do/dqPk4
1	[경찰청] 교통법규 위반 과태료 고지서 발송. 확인 me2.do/ZZTrH 감사합니다.
1	[Web발신] [경찰청] 교통법규 위반 과태료 고지서 발송. 확인 https://nts-go56.online/5PFAy
1	[Web발신] [경찰청] 교통법규 위반 과태료 고지서 발송. 확인 http://gov24-kr.kim/knST7.apk
1	[경찰청] 교통법규 위반 과태료 고지서 발송. 확인 http://54.231.68.131/YSrdy
1	[경찰청] 교통법규 위반 과태료 고지서 발송. 확인 police-kr.site/BRH5Z 감사합니다.
1	[경찰청] 교통법규 위반 과태료 고지서 발송. 확인 toss-sec.site/NenYH
1	[Web발신] [경찰청] 교통법규 위반 과태료 고지서 발송. 확인 http://nts-go.xyz/ghpJP
1	[경찰청] 교통법규 위반 과태료 고지서 발송. 확인 naver-auth.site/bKHzz
1	[경찰청] 교통법규 위반 과태료 고지서 발송. 확인 https://hanjin-dlv68.online/dERC2 감사합니다.
1	[경찰청] 교통법규 위반 과태료 고지서 발송. 확인 me2.do/FsRFH
1	[Web발신] [경찰청] 교통법규 위반 과태료 고지서 발송. 확인 kakao-safe.site/Lrj8Z
1	[경찰청] 교통법규 위반 과태료 고지서 발송. 확인 http://cj-logis.xyz/q3qk9
1	[경찰청] 교통법규 위반 과태료 고지서 발송. 확인 http://cj-logis.xyz/QGnvm 감사합니다.
1	[경찰청] 교통법규 위반 과태료 고지서 발송. 확인 http://kakao-safe.kim/jfKQ5.apk
1	[경찰청] 교통법규 위반 과태료 고지서 발송. 확인 https://naver-auth52.online/x7Y5u
1	[경찰청] 교통법규 위반 과태료 고지서 발송. 확인 https://post-kr.top/abwsV
1	[경찰청] 교통법규 위반 과태료 고지서 발송. 확인 https://toss-sec.top/AJ9RY
1	[Web발신] [경찰청] 교통법규 위반 과태료 고지서 발송. 확인 me2.do/fj3Uq
1	[경찰청] 교통법규 위반 과태료 고지서 발송. 확인 https://hanjin-dlv.top/TSrH5
1	[경찰청] 교통법규 위반 과태료 고지서 발송. 확인 https://naver-auth28.online/JajEa
1	[경찰청] 교통법규 위반 과태료 고지서 발송. 확인 https://post-kr94.online/Z4bbW
1	[경찰청] 교통법규 위반 과태료 고지서 발송. 확인 http://hanjin-dlv-kr.com/G3d6C
1	[경찰청] 교통법규 위반 과태료 고지서 발송. 확인 https://toss-sec87.online/vwBXD
1	[Web발신] [경찰청] 교통법규 위반 과태료 고지서 발송. 확인 me2.do/bFJuj
1	[경찰청] 교통법규 위반 과태료 고지서 발송. 확인 http://fss-help-kr.com/r3rEb
1	[경찰청] 교통법규 위반 과태료 고지서 발송. 확인 http://fss-help-kr.com/yYzHt 감사합니다.
1	[Web발신] [경찰청] 교통법규 위반 과태료 고지서 발송. 확인 bit.ly/Ec3aM
1	[국민건강보험] 건강검진 결과 통보서 확인하기 http://fss-help.kim/Ujjjx.apk
1	[Web발신] [국민건강보험] 건강검진 결과 통보서 확인하기 bit.ly/qMwUQ
1	[국민건강보험] 건강검진 결과 통보서 확인하기 me2.do/B2Xaa 감사합니다.
1	[국민건강보험] 건강검진 결과 통보서 확인하기 bit.ly/bm4H6
1	[Web발신] [국민건강보험] 건강검진 결과 통보서 확인하기 http://158.161.36.137/hjdP4
1	[국민건강보험] 건강검진 결과 통보서 확인하기 http://gov24-kr-kr.com/5ZWXM 감사합니다.
1	[국민건강보험] 건강검진 결과 통보서 확인하기 http://92.116.104.80/Mka4e 감사합니다.
1	[국민건강보험] 건강검진 결과 통보서 확인하기 nts-go.site/yBVRH
1	[국민건강보험] 건강검진 결과 통보서 확인하기 me2.do/cm6kf 감사합니다.
1	[Web발신] [국민건강보험] 건강검진 결과 통보서 확인하기 http://gov24-kr.xyz/YMst5
1	[국민건강보험] 건강검진 결과 통보서 확인하기 bit.ly/3StBn
1	[Web발신] [국민건강보험] 건강검진 결과 통보서 확인하기 http://125.90.122.47/adbEG
1	[국민건강보험] 건강검진 결과 통보서 확인하기 https://nts-go16.online/tUv3e 감사합니다.
1	[국민건강보험] 건강검진 결과 통보서 확인하기 http://cj-logis.xyz/G5Jgq
1	[국민건강보험] 건강검진 결과 통보서 확인하기 me2.do/dxBB6 감사합니다.
1	[국민건강보험] 건강검진 결과 통보서 확인하기 http://hanjin-dlv.xyz/sSenz
1	[Web발신] [국민건강보험] 건강검진 결과 통보서 확인하기 http://155.206.108.69/bmZdv
1	[국민건강보험] 건강검진 결과 통보서 확인하기 bit.ly/A5BYK
1	[Web발신] [국민건강보험] 건강검진 결과 통보서 확인하기 http://fss-help.kim/EGphP.apk
1	[국민건강보험] 건강검진 결과 통보서 확인하기 http://post-kr-kr.com/hzSSK 감사합니다.
1	[국민건강보험] 건강검진 결과 통보서 확인하기 me2.do/xLKjU
1	[국민건강보험] 건강검진 결과 통보서 확인하기 https://toss-sec41.online/skZPf 감사합니다.
1	[국민건강보험] 건강검진 결과 통보서 확인하기 me2.do/AQ3K7 감사합니다.
1	[국민건강보험] 건강검진 결과 통보서 확인하기 https://coupang-event.top/dggzq
1	[Web발신] [국민건강보험] 건강검진 결과 통보서 확인하기 http://nts-go.xyz/nev6k
1	[국민건강보험] 건강검진 결과 통보서 확인하기 police-kr.site/AeeDw
1	[국민건강보험] 건강검진 결과 통보서 확인하기 https://kakao-safe.top/PTuvm
1	[국민건강보험] 건강검진 결과 통보서 확인하기 http://191.73.59.37/9yvVN 감사합니다.
1	[국민건강보험] 건강검진 결과 통보서 확인하기 bit.ly/bBp8J
1	[Web발신] [국민건강보험] 건강검진 결과 통보서 확인하기 http://gov24-kr-kr.com/xTX7L
1	[국민건강보험] 건강검진 결과 통보서 확인하기 https://fss-help.top/WVEgd
1	[국민건강보험] 건강검진 결과 통보서 확인하기 http://92.153.12.167/XSEJS 감사합니다.
1	[Web발신] [국민건강보험] 건강검진 결과 통보서 확인하기 me2.do/dDqJ8
1	[국민건강보험] 건강검진 결과 통보서 확인하기 https://gov24-kr.top/B3n9B
1	[Web발신] [국민건강보험] 건강검진 결과 통보서 확인하기 https://toss-sec.top/sYxKb
1	[국민건강보험] 건강검진 결과 통보서 확인하기 bit.ly/zUDzj
1	[국민건강보험] 건강검진 결과 통보서 확인하기 http://69.131.44.86/83hDY
1	[국민건강보험] 건강검진 결과 통보서 확인하기 http://hanjin-dlv.kim/bkTsM.apk 감사합니다.
1	[국민건강보험] 건강검진 결과 통보서 확인하기 https://post-kr88.online/raq2Q
1	[국민건강보험] 건강검진 결과 통보서 확인하기 http://kakao-safe.kim/PqagC.apk
1	[정부24] 긴급 재난지원금 50만원 지급 대상자입니다. 신청 마감 모레 me2.do/gZmen
1	[정부24] 긴급 재난지원금 2,500원 지급 대상자입니다. 신청 마감 11월 2일 bit.ly/fCTTs
1	[Web발신] [정부24] 긴급 재난지원금 1,980,000원 지급 대상자입니다. 신청 마감 10/5 https://kakao-safe28.online/txaAM
1	[정부24] 긴급 재난지원금 50만원 지급 대상자입니다. 신청 마감 모레 http://147.196.143.78/2LNwe
1	[정부24] 긴급 재난지원금 50만원 지급 대상자입니다. 신청 마감 11월 2일 http://post-kr-kr.com/9wyxs
1	[정부24] 긴급 재난지원금 49,800원 지급 대상자입니다. 신청 마감 10월 7일 bit.ly/JSm63
1	[정부24] 긴급 재난지원금 3,000원 지급 대상자입니다. 신청 마감 11월 2일 http://post-kr.xyz/LCYRC
1	[정부24] 긴급 재난지원금 1,980,000원 지급 대상자입니다. 신청 마감 10월 7일 http://207.185.98.94/rtjHS
1	[정부24] 긴급 재난지원금 2,500원 지급 대상자입니다. 신청 마감 모레 http://cj-logis.kim/UMFLy.apk
1	[정부24] 긴급 재난지원금 3,000원 지급 대상자입니다. 신청 마감 10월 7일 http://police-kr.kim/kX5vp.apk 감사합니다.
1	[정부24] 긴급 재난지원금 2,500원 지급 대상자입니다. 신청 마감 내일 http://naver-auth.kim/pPk8h.apk 감사합니다.
1	[Web발신] [정부24] 긴급 재난지원금 300만원 지급 대상자입니다. 신청 마감 내일 https://police-kr55.online/YAzEu
1	[정부24] 긴급 재난지원금 50만원 지급 대상자입니다. 신청 마감 10월 7일 http://naver-auth-kr.com/sRvGd
1	[정부24] 긴급 재난지원금 1,980,000원 지급 대상자입니다. 신청 마감 10월 7일 http://46.67.52.192/UptPA
1	[정부24] 긴급 재난지원금 50만원 지급 대상자입니다. 신청 마감 모레 http://kakao-safe.kim/gDgvx.apk
1	[Web발신] [정부24] 긴급 재난지원금 3,000원 지급 대상자입니다. 신청 마감 10월 7일 cj-logis.site/MPwhU
1	[정부24] 긴급 재난지원금 300만원 지급 대상자입니다. 신청 마감 내일 bit.ly/KFz6U
1	[Web발신] [정부24] 긴급 재난지원금 50만원 지급 대상자입니다. 신청 마감 11월 2일 https://cj-logis53.online/CFESr
1	[Web발신] [정부24] 긴급 재난지원금 49,800원 지급 대상자입니다. 신청 마감 11월 2일 bit.ly/az5rU
1	[정부24] 긴급 재난지원금 120만원 지급 대상자입니다. 신청 마감 10월 7일 https://gov24-kr27.online/APhkg
1	[정부24] 긴급 재난지원금 1,980,000원 지급 대상자입니다. 신청 마감 10/5 nts-go.site/fkKw8 감사합니다.
1	[정부24] 긴급 재난지원금 300만원 지급 대상자입니다. 신청 마감 10/5 http://60.94.249.76/4CJy3
1	[정부24] 긴급 재난지원금 1,980,000원 지급 대상자입니다. 신청 마감 내일 bit.ly/HEgvd 감사합니다.
1	[정부24] 긴급 재난지원금 2,500원 지급 대상자입니다. 신청 마감 10월 7일 https://nts-go.top/Nppjs
1	[정부24] 긴급 재난지원금 300만원 지급 대상자입니다. 신청 마감 모레 http://toss-sec.xyz/E5yzA 감사합니다.
1	[정부24] 긴급 재난지원금 1,980,000원 지급 대상자입니다. 신청 마감 10/5 http://17.19.121.94/khhFV
1	[Web발신] [정부24] 긴급 재난지원금 1,980,000원 지급 대상자입니다. 신청 마감 모레 bit.ly/6sGuP
1	[정부24] 긴급 재난지원금 3,000원 지급 대상자입니다. 신청 마감 10/5 me2.do/xUSTq
1	[정부24] 긴급 재난지원금 2,500원 지급 대상자입니다. 신청 마감 11월 2일 http://hanjin-dlv.kim/c7kGW.apk
1	[정부24] 긴급 재난지원금 49,800원 지급 대상자입니다. 신청 마감 10/5 gov24-kr.site/4Wrdn 감사합니다.
1	[정부24] 긴급 재난지원금 3,000원 지급 대상자입니다. 신청 마감 내일 http://67.144.189.42/kjFeY 감사합니다.
1	[정부24] 긴급 재난지원금 49,800원 지급 대상자입니다. 신청 마감 10월 7일 http://naver-auth-kr.com/SHmJM
1	[정부24] 긴급 재난지원금 50만원 지급 대상자입니다. 신청 마감 모레 me2.do/GDskB 감사합니다.
1	[Web발신] [정부24] 긴급 재난지원금 50만원 지급 대상자입니다. 신청 마감 10/5 http://cj-logis-kr.com/QfCvN
1	[Web발신] [정부24] 긴급 재난지원금 1,980,000원 지급 대상자입니다. 신청 마감 모레 cj-logis.site/2xHwb
1	[정부24] 긴급 재난지원금 50만원 지급 대상자입니다. 신청 마감 10/5 toss-sec.site/s4hgp
1	[정부24] 긴급 재난지원금 50만원 지급 대상자입니다. 신청 마감 내일 http://gov24-kr-kr.com/tcwmT 감사합니다.
1	[정부24] 긴급 재난지원금 50만원 지급 대상자입니다. 신청 마감 11월 2일 https://coupang-event.top/jQ6KJ 감사합니다.
1	[정부24] 긴급 재난지원금 2,500원 지급 대상자입니다. 신청 마감 내일 me2.do/QCLuT 감사합니다.
1	[정부24] 긴급 재난지원금 49,800원 지급 대상자입니다. 신청 마감 10월 7일 http://naver-auth-kr.com/bVRY3
1	[Web발신] [국세청] 미수령 환급금 50만원 조회 및 신청 http://kakao-safe.kim/BVUSU.apk
1	[국세청] 미수령 환급금 1,980,000원 조회 및 신청 http://hanjin-dlv-kr.com/5a8d7
1	[국세청] 미수령 환급금 2,500원 조회 및 신청 me2.do/hbMSa 감사합니다.
1	[국세청] 미수령 환급금 120만원 조회 및 신청 gov24-kr.site/NLR8P 감사합니다.
1	[국세청] 미수령 환급금 1,980,000원 조회 및 신청 http://naver-auth-kr.com/Q6tVL
1	[국세청] 미수령 환급금 3,000원 조회 및 신청 http://toss-sec.xyz/VDg5p 감사합니다.
1	[국세청] 미수령 환급금 49,800원 조회 및 신청 https://police-kr32.online/tq9E2
1	[국세청] 미수령 환급금 3,000원 조회 및 신청 http://kakao-safe-kr.com/gDYK9
1	[Web발신] [국세청] 미수령 환급금 120만원 조회 및 신청 post-kr.site/WkzUG
1	[국세청] 미수령 환급금 300만원 조회 및 신청 https://post-kr.top/x3jFF
1	[국세청] 미수령 환급금 300만원 조회 및 신청 bit.ly/TTW4Y
1	[Web발신] [국세청] 미수령 환급금 3,000원 조회 및 신청 http://hanjin-dlv-kr.com/9RAap
1	[국세청] 미수령 환급금 300만원 조회 및 신청 https://cj-logis67.online/xZeBx 감사합니다.
1	[국세청] 미수령 환급금 49,800원 조회 및 신청 me2.do/KekJg
1	[국세청] 미수령 환급금 120만원 조회 및 신청 https://toss-sec.top/pZAJQ
1	[국세청] 미수령 환급금 120만원 조회 및 신청 bit.ly/tKxy2
1	[국세청] 미수령 환급금 49,800원 조회 및 신청 https://nts-go.top/AWjBR
1	[Web발신] [국세청] 미수령 환급금 50만원 조회 및 신청 https://police-kr53.online/WvCT9
1	[국세청] 미수령 환급금 2,500원 조회 및 신청 http://214.187.68.214/gr75z
1	[Web발신] [국세청] 미수령 환급금 300만원 조회 및 신청 https://toss-sec.top/RnzHZ
1	[국세청] 미수령 환급금 3,000원 조회 및 신청 http://hanjin-dlv-kr.com/hwYe9
1	[국세청] 미수령 환급금 50만원 조회 및 신청 https://fss-help.top/W7kAL 감사합니다.
1	[국세청] 미수령 환급금 120만원 조회 및 신청 https://naver-auth.top/vdP8R
1	[국세청] 미수령 환급금 300만원 조회 및 신청 http://naver-auth-kr.com/xCb5u 감사합니다.
1	[Web발신] [국세청] 미수령 환급금 50만원 조회 및 신청 http://hanjin-dlv.kim/NxYJg.apk
1	[국세청] 미수령 환급금 300만원 조회 및 신청 https://coupang-event.top/fC5gj 감사합니다.
1	[국세청] 미수령 환급금 50만원 조회 및 신청 bit.ly/UGCx7
1	[국세청] 미수령 환급금 300만원 조회 및 신청 bit.ly/xkTFb
1	[국세청] 미수령 환급금 49,800원 조회 및 신청 http://toss-sec.xyz/6cnAe
1	[국세청] 미수령 환급금 3,000원 조회 및 신청 me2.do/sFbRr
1	[Web발신] [국세청] 미수령 환급금 120만원 조회 및 신청 http://coupang-event.kim/d7f7Q.apk
1	[Web발신] [국세청] 미수령 환급금 2,500원 조회 및 신청 http://fss-help.kim/DxZcc.apk
1	[국세청] 미수령 환급금 50만원 조회 및 신청 me2.do/6ZhGq
1	[국세청] 미수령 환급금 49,800원 조회 및 신청 http://hanjin-dlv.xyz/DQZkq
1	[Web발신] [국세청] 미수령 환급금 3,000원 조회 및 신청 https://coupang-event.top/deCa5
1	[국세청] 미수령 환급금 300만원 조회 및 신청 https://nts-go.top/DFfzw
1	[Web발신] [국세청] 미수령 환급금 3,000원 조회 및 신청 coupang-event.site/Zmp4c
1	[국세청] 미수령 환급금 3,000원 조회 및 신청 http://214.84.14.75/AeJ9H
1	[Web발신] [국세청] 미수령 환급금 1,980,000원 조회 및 신청 me2.do/srQkd
1	[국세청] 미수령 환급금 2,500원 조회 및 신청 https://fss-help.top/ksJsL
1	[하나은행] 정부지원 저금리 대환대출 승인 안내. 최대 50만원 한도 02-7600-6213
1	[Web발신] [국민은행] 정부지원 저금리 대환대출 승인 안내. 최대 300만원 한도 02-1561-6889
1	[하나은행] 정부지원 저금리 대환대출 승인 안내. 최대 50만원 한도 02-6326-1406
1	[하나은행] 정부지원 저금리 대환대출 승인 안내. 최대 3,000원 한도 02-3765-2607
1	[하나은행] 정부지원 저금리 대환대출 승인 안내. 최대 120만원 한도 02-7028-5573 감사합니다.
1	[우리은행] 정부지원 저금리 대환대출 승인 안내. 최대 120만원 한도 02-4357-7295
1	[농협] 정부지원 저금리 대환대출 승인 안내. 최대 120만원 한도 02-1451-9723
1	[하나은행] 정부지원 저금리 대환대출 승인 안내. 최대 120만원 한도 02-7290-2410 감사합니다.
1	[Web발신] [신한은행] 정부지원 저금리 대환대출 승인 안내. 최대 49,800원 한도 02-7928-7794
1	[농협] 정부지원 저금리 대환대출 승인 안내. 최대 300만원 한도 02-1513-1986
1	[Web발신] [우리은행] 정부지원 저금리 대환대출 승인 안내. 최대 49,800원 한도 02-3022-2083
1	[Web발신] [우리은행] 정부지원 저금리 대환대출 승인 안내. 최대 3,000원 한도 02-9286-8637
1	[국민은행] 정부지원 저금리 대환대출 승인 안내. 최대 300만원 한도 02-7408-6957 감사합니다.
1	[국민은행] 정부지원 저금리 대환대출 승인 안내. 최대 300만원 한도 02-9285-6002
1	[신한은행] 정부지원 저금리 대환대출 승인 안내. 최대 49,800원 한도 02-2469-1072
1	[신한은행] 정부지원 저금리 대환대출 승인 안내. 최대 120만원 한도 02-1004-5439
1	[신한은행] 정부지원 저금리 대환대출 승인 안내. 최대 3,000원 한도 02-7051-1679
1	[하나은행] 정부지원 저금리 대환대출 승인 안내. 최대 120만원 한도 02-6342-6438 감사합니다.
1	[국민은행] 정부지원 저금리 대환대출 승인 안내. 최대 50만원 한도 02-4943-7995
1	[우리은행] 정부지원 저금리 대환대출 승인 안내. 최대 50만원 한도 02-3095-6189
1	[신한은행] 정부지원 저금리 대환대출 승인 안내. 최대 50만원 한도 02-8343-2200 감사합니다.
1	[하나은행] 정부지원 저금리 대환대출 승인 안내. 최대 49,800원 한도 02-5102-5172 감사합니다.
1	[Web발신] [우리은행] 정부지원 저금리 대환대출 승인 안내. 최대 120만원 한도 02-2901-1985
1	[국민은행] 정부지원 저금리 대환대출 승인 안내. 최대 300만원 한도 02-8247-2338
1	[신한은행] 정부지원 저금리 대환대출 승인 안내. 최대 50만원 한도 02-8900-7406 감사합니다.
1	[하나은행] 정부지원 저금리 대환대출 승인 안내. 최대 50만원 한도 02-7633-1888
1	[Web발신] [국민은행] 정부지원 저금리 대환대출 승인 안내. 최대 1,980,000원 한도 02-3539-7895
1	[Web발신] [신한은행] 정부지원 저금리 대환대출 승인 안내. 최대 1,980,000원 한도 02-8674-1670
1	[신한은행] 정부지원 저금리 대환대출 승인 안내. 최대 1,980,000원 한도 02-1919-4686
1	[우리은행] 정부지원 저금리 대환대출 승인 안내. 최대 3,000원 한도 02-2202-7588 감사합니다.
1	[신한은행] 정부지원 저금리 대환대출 승인 안내. 최대 49,800원 한도 02-7727-3750 감사합니다.
1	[신한은행] 정부지원 저금리 대환대출 승인 안내. 최대 1,980,000원 한도 02-9606-2904
1	[농협] 정부지원 저금리 대환대출 승인 안내. 최대 1,980,000원 한도 02-6050-8820
1	[농협] 정부지원 저금리 대환대출 승인 안내. 최대 300만원 한도 02-7414-9294 감사합니다.
1	[Web발신] [우리은행] 정부지원 저금리 대환대출 승인 안내. 최대 3,000원 한도 02-3602-6640
1	[우리은행] 정부지원 저금리 대환대출 승인 안내. 최대 120만원 한도 02-2579-1458
1	[농협] 정부지원 저금리 대환대출 승인 안내. 최대 300만원 한도 02-4302-2012
1	[Web발신] [우리은행] 정부지원 저금리 대환대출 승인 안내. 최대 49,800원 한도 02-9200-3811
1	[우리은행] 정부지원 저금리 대환대출 승인 안내. 최대 300만원 한도 02-3599-8409 감사합니다.
1	[국민은행] 정부지원 저금리 대환대출 승인 안내. 최대 120만원 한도 02-1458-7861
1	고객님은 저금리 대출 우선 대상입니다. 기존 대출 상환 후 진행 http://police-kr-kr.com/gaSLp
1	고객님은 저금리 대출 우선 대상입니다. 기존 대출 상환 후 진행 http://fss-help-kr.com/kAwBS
1	[Web발신] 고객님은 저금리 대출 우선 대상입니다. 기존 대출 상환 후 진행 https://cj-logis.top/8VhSc
1	[Web발신] 고객님은 저금리 대출 우선 대상입니다. 기존 대출 상환 후 진행 http://nts-go-kr.com/hYYAj
1	고객님은 저금리 대출 우선 대상입니다. 기존 대출 상환 후 진행 https://hanjin-dlv50.online/T4fAY
1	고객님은 저금리 대출 우선 대상입니다. 기존 대출 상환 후 진행 bit.ly/VNQKk
1	고객님은 저금리 대출 우선 대상입니다. 기존 대출 상환 후 진행 http://gov24-kr.kim/uVu4x.apk 감사합니다.
1	고객님은 저금리 대출 우선 대상입니다. 기존 대출 상환 후 진행 https://fss-help38.online/fHbwR
1	[Web발신] 고객님은 저금리 대출 우선 대상입니다. 기존 대출 상환 후 진행 http://hanjin-dlv-kr.com/qtXpe
1	고객님은 저금리 대출 우선 대상입니다. 기존 대출 상환 후 진행 coupang-event.site/UFMBq 감사합니다.
1	[Web발신] 고객님은 저금리 대출 우선 대상입니다. 기존 대출 상환 후 진행 http://hanjin-dlv-kr.com/qEWrw
1	고객님은 저금리 대출 우선 대상입니다. 기존 대출 상환 후 진행 bit.ly/curS3 감사합니다.
1	고객님은 저금리 대출 우선 대상입니다. 기존 대출 상환 후 진행 https://fss-help21.online/SYx6v 감사합니다.
1	고객님은 저금리 대출 우선 대상입니다. 기존 대출 상환 후 진행 me2.do/CqaT8
1	[Web발신] 고객님은 저금리 대출 우선 대상입니다. 기존 대출 상환 후 진행 http://17.179.189.213/HRcPz
1	[Web발신] 고객님은 저금리 대출 우선 대상입니다. 기존 대출 상환 후 진행 http://naver-auth-kr.com/Dqusg
1	고객님은 저금리 대출 우선 대상입니다. 기존 대출 상환 후 진행 http://coupang-event.xyz/DwR46 감사합니다.
1	고객님은 저금리 대출 우선 대상입니다. 기존 대출 상환 후 진행 https://naver-auth.top/79hkG 감사합니다.
1	고객님은 저금리 대출 우선 대상입니다. 기존 대출 상환 후 진행 http://gov24-kr.xyz/7YQG3 감사합니다.
1	고객님은 저금리 대출 우선 대상입니다. 기존 대출 상환 후 진행 http://134.146.138.238/gnzq8
1	고객님은 저금리 대출 우선 대상입니다. 기존 대출 상환 후 진행 kakao-safe.site/q9VgX
1	[Web발신] 고객님은 저금리 대출 우선 대상입니다. 기존 대출 상환 후 진행 http://gov24-kr.xyz/4mt6Z
1	[Web발신] 고객님은 저금리 대출 우선 대상입니다. 기존 대출 상환 후 진행 http://188.114.202.201/xGtGY
1	[Web발신] 고객님은 저금리 대출 우선 대상입니다. 기존 대출 상환 후 진행 toss-sec.site/eBRu4
1	고객님은 저금리 대출 우선 대상입니다. 기존 대출 상환 후 진행 bit.ly/hMfgR
1	고객님은 저금리 대출 우선 대상입니다. 기존 대출 상환 후 진행 gov24-kr.site/rEYtW
1	고객님은 저금리 대출 우선 대상입니다. 기존 대출 상환 후 진행 http://189.8.219.63/jbGRt
1	고객님은 저금리 대출 우선 대상입니다. 기존 대출 상환 후 진행 post-kr.site/mQrta
1	고객님은 저금리 대출 우선 대상입니다. 기존 대출 상환 후 진행 me2.do/JqBT8 감사합니다.
1	고객님은 저금리 대출 우선 대상입니다. 기존 대출 상환 후 진행 http://138.63.77.76/EQThS 감사합니다.
1	고객님은 저금리 대출 우선 대상입니다. 기존 대출 상환 후 진행 https://gov24-kr21.online/vbZxU
1	고객님은 저금리 대출 우선 대상입니다. 기존 대출 상환 후 진행 nts-go.site/LGkPh
1	고객님은 저금리 대출 우선 대상입니다. 기존 대출 상환 후 진행 https://coupang-event.top/Whh43 감사합니다.
1	고객님은 저금리 대출 우선 대상입니다. 기존 대출 상환 후 진행 http://hanjin-dlv.kim/NRsvm.apk 감사합니다.
1	고객님은 저금리 대출 우선 대상입니다. 기존 대출 상환 후 진행 me2.do/Me6c4 감사합니다.
1	고객님은 저금리 대출 우선 대상입니다. 기존 대출 상환 후 진행 bit.ly/G6XkP
1	고객님은 저금리 대출 우선 대상입니다. 기존 대출 상환 후 진행 http://nts-go.xyz/CybhM 감사합니다.
1	고객님은 저금리 대출 우선 대상입니다. 기존 대출 상환 후 진행 http://11.113.248.135/5HhkV
1	고객님은 저금리 대출 우선 대상입니다. 기존 대출 상환 후 진행 http://cj-logis.xyz/gNDpC
1	[Web발신] 고객님은 저금리 대출 우선 대상입니다. 기존 대출 상환 후 진행 https://fss-help.top/a7fm2
1	[해외결제] 신한카드 49,800원 승인 완료. 본인 아닐 경우 고객센터 02-4457-2368 연락 감사합니다.
1	[해외결제] 삼성카드 300만원 승인 완료. 본인 아닐 경우 고객센터 02-2441-8960 연락 감사합니다.
1	[Web발신] [해외결제] 삼성카드 300만원 승인 완료. 본인 아닐 경우 고객센터 02-1839-9224 연락
1	[Web발신] [해외결제] 현대카드 1,980,000원 승인 완료. 본인 아닐 경우 고객센터 02-9638-8204 연락
1	[해외결제] 신한카드 120만원 승인 완료. 본인 아닐 경우 고객센터 02-4096-1196 연락
1	[해외결제] KB국민카드 50만원 승인 완료. 본인 아닐 경우 고객센터 02-4523-2035 연락 감사합니다.
1	[해외결제] 삼성카드 3,000원 승인 완료. 본인 아닐 경우 고객센터 02-9603-1061 연락
1	[해외결제] KB국민카드 50만원 승인 완료. 본인 아닐 경우 고객센터 02-2012-3363 연락
1	[해외결제] 현대카드 50만원 승인 완료. 본인 아닐 경우 고객센터 02-6021-2139 연락
1	[해외결제] 현대카드 120만원 승인 완료. 본인 아닐 경우 고객센터 02-1630-6188 연락 감사합니다.
1	[Web발신] [해외결제] 신한카드 1,980,000원 승인 완료. 본인 아닐 경우 고객센터 02-2060-7006 연락
1	[해외결제] 삼성카드 120만원 승인 완료. 본인 아닐 경우 고객센터 02-7798-2171 연락 감사합니다.
1	[해외결제] 삼성카드 2,500원 승인 완료. 본인 아닐 경우 고객센터 02-5462-2934 연락 감사합니다.
1	[해외결제] KB국민카드 120만원 승인 완료. 본인 아닐 경우 고객센터 02-2871-3246 연락
1	[Web발신] [해외결제] 삼성카드 2,500원 승인 완료. 본인 아닐 경우 고객센터 02-6298-5689 연락
1	[해외결제] 현대카드 2,500원 승인 완료. 본인 아닐 경우 고객센터 02-4404-6626 연락
1	[해외결제] 롯데카드 1,980,000원 승인 완료. 본인 아닐 경우 고객센터 02-2931-8408 연락
1	[Web발신] [해외결제] 현대카드 49,800원 승인 완료. 본인 아닐 경우 고객센터 02-9520-1330 연락
1	[해외결제] 현대카드 1,980,000원 승인 완료. 본인 아닐 경우 고객센터 02-4499-8115 연락
1	[해외결제] 롯데카드 1,980,000원 승인 완료. 본인 아닐 경우 고객센터 02-9275-4492 연락
1	[해외결제] 현대카드 120만원 승인 완료. 본인 아닐 경우 고객센터 02-2141-4445 연락 감사합니다.
1	[해외결제] 현대카드 49,800원 승인 완료. 본인 아닐 경우 고객센터 02-6197-6864 연락
1	[Web발신] [해외결제] 롯데카드 2,500원 승인 완료. 본인 아닐 경우 고객센터 02-2898-7766 연락
1	[Web발신] [해외결제] 현대카드 49,800원 승인 완료. 본인 아닐 경우 고객센터 02-2845-7422 연락
1	[해외결제] 신한카드 3,000원 승인 완료. 본인 아닐 경우 고객센터 02-6510-3102 연락
1	[해외결제] 삼성카드 300만원 승인 완료. 본인 아닐 경우 고객센터 02-3962-4129 연락 감사합니다.
1	[해외결제] 삼성카드 1,980,000원 승인 완료. 본인 아닐 경우 고객센터 02-2981-9613 연락
1	[해외결제] 롯데카드 120만원 승인 완료. 본인 아닐 경우 고객센터 02-2642-2164 연락
1	[해외결제] 현대카드 2,500원 승인 완료. 본인 아닐 경우 고객센터 02-1746-3113 연락 감사합니다.
1	[해외결제] 신한카드 1,980,000원 승인 완료. 본인 아닐 경우 고객센터 02-3492-8293 연락 감사합니다.
1	[해외결제] 신한카드 2,500원 승인 완료. 본인 아닐 경우 고객센터 02-7619-6968 연락
1	[Web발신] [해외결제] 롯데카드 120만원 승인 완료. 본인 아닐 경우 고객센터 02-8044-8496 연락
1	[해외결제] 삼성카드 300만원 승인 완료. 본인 아닐 경우 고객센터 02-9819-7306 연락
1	[해외결제] KB국민카드 120만원 승인 완료. 본인 아닐 경우 고객센터 02-6037-8505 연락
1	[해외결제] 현대카드 3,000원 승인 완료. 본인 아닐 경우 고객센터 02-4125-4416 연락
1	[해외결제] 현대카드 50만원 승인 완료. 본인 아닐 경우 고객센터 02-9734-4797 연락 감사합니다.
1	[해외결제] KB국민카드 1,980,000원 승인 완료. 본인 아닐 경우 고객센터 02-3356-4173 연락
1	[Web발신] [해외결제] KB국민카드 3,000원 승인 완료. 본인 아닐 경우 고객센터 02-3605-4309 연락
1	[Web발신] [해외결제] 삼성카드 2,500원 승인 완료. 본인 아닐 경우 고객센터 02-7476-6505 연락
1	[해외결제] 신한카드 1,980,000원 승인 완료. 본인 아닐 경우 고객센터 02-4926-4272 연락
1	해외 IP에서 카카오 계정 로그인 시도가 감지되었습니다. 보호조치 bit.ly/D9zZj
1	[Web발신] 해외 IP에서 카카오 계정 로그인 시도가 감지되었습니다. 보호조치 https://post-kr.top/APL7D
1	해외 IP에서 카카오 계정 로그인 시도가 감지되었습니다. 보호조치 http://post-kr.xyz/U53X2 감사합니다.
1	해외 IP에서 카카오 계정 로그인 시도가 감지되었습니다. 보호조치 fss-help.site/UnJkq 감사합니다.
1	해외 IP에서 카카오 계정 로그인 시도가 감지되었습니다. 보호조치 https://kakao-safe.top/KrSnZ
1	해외 IP에서 카카오 계정 로그인 시도가 감지되었습니다. 보호조치 https://coupang-event.top/wACSq
1	해외 IP에서 카카오 계정 로그인 시도가 감지되었습니다. 보호조치 https://kakao-safe.top/6uycV
1	해외 IP에서 카카오 계정 로그인 시도가 감지되었습니다. 보호조치 https://hanjin-dlv.top/TpTZG 감사합니다.
1	해외 IP에서 카카오 계정 로그인 시도가 감지되었습니다. 보호조치 http://kakao-safe.xyz/WgbFX
1	[Web발신] 해외 IP에서 카카오 계정 로그인 시도가 감지되었습니다. 보호조치 bit.ly/jaGka
1	[Web발신] 해외 IP에서 카카오 계정 로그인 시도가 감지되었습니다. 보호조치 me2.do/K7CsK
1	해외 IP에서 카카오 계정 로그인 시도가 감지되었습니다. 보호조치 bit.ly/zxc2P
1	해외 IP에서 카카오 계정 로그인 시도가 감지되었습니다. 보호조치 http://coupang-event-kr.com/sTsER
1	해외 IP에서 카카오 계정 로그인 시도가 감지되었습니다. 보호조치 post-kr.site/prCkX
1	해외 IP에서 카카오 계정 로그인 시도가 감지되었습니다. 보호조치 http://189.13.63.31/EBLQ4
1	해외 IP에서 카카오 계정 로그인 시도가 감지되었습니다. 보호조치 me2.do/3A8zR
1	해외 IP에서 카카오 계정 로그인 시도가 감지되었습니다. 보호조치 bit.ly/GKg7m 감사합니다.
1	해외 IP에서 카카오 계정 로그인 시도가 감지되었습니다. 보호조치 http://kakao-safe-kr.com/wK2qf
1	해외 IP에서 카카오 계정 로그인 시도가 감지되었습니다. 보호조치 http://cj-logis.kim/P7cQ6.apk
1	해외 IP에서 카카오 계정 로그인 시도가 감지되었습니다. 보호조치 post-kr.site/6Ghpn
1	해외 IP에서 카카오 계정 로그인 시도가 감지되었습니다. 보호조치 https://police-kr.top/gYUhY 감사합니다.
1	해외 IP에서 카카오 계정 로그인 시도가 감지되었습니다. 보호조치 me2.do/Bk7bB 감사합니다.
1	해외 IP에서 카카오 계정 로그인 시도가 감지되었습니다. 보호조치 bit.ly/XzZfT
1	해외 IP에서 카카오 계정 로그인 시도가 감지되었습니다. 보호조치 https://police-kr.top/dDbtV 감사합니다.
1	[Web발신] 해외 IP에서 카카오 계정 로그인 시도가 감지되었습니다. 보호조치 hanjin-dlv.site/YgWB6
1	해외 IP에서 카카오 계정 로그인 시도가 감지되었습니다. 보호조치 coupang-event.site/KGhex 감사합니다.
1	해외 IP에서 카카오 계정 로그인 시도가 감지되었습니다. 보호조치 https://toss-sec.top/scTZn 감사합니다.
1	해외 IP에서 카카오 계정 로그인 시도가 감지되었습니다. 보호조치 http://187.132.180.133/5NWB6
1	해외 IP에서 카카오 계정 로그인 시도가 감지되었습니다. 보호조치 https://cj-logis.top/CwSk9
1	[Web발신] 해외 IP에서 카카오 계정 로그인 시도가 감지되었습니다. 보호조치 http://111.218.105.187/Zp2mS
1	[Web발신] 해외 IP에서 카카오 계정 로그인 시도가 감지되었습니다. 보호조치 http://police-kr.kim/gPAkS.apk
1	해외 IP에서 카카오 계정 로그인 시도가 감지되었습니다. 보호조치 https://coupang-event.top/PuuqJ
1	해외 IP에서 카카오 계정 로그인 시도가 감지되었습니다. 보호조치 https://toss-sec24.online/Xuesq
1	해외 IP에서 카카오 계정 로그인 시도가 감지되었습니다. 보호조치 https://nts-go.top/HfGkm
1	해외 IP에서 카카오 계정 로그인 시도가 감지되었습니다. 보호조치 naver-auth.site/PRxNj
1	해외 IP에서 카카오 계정 로그인 시도가 감지되었습니다. 보호조치 police-kr.site/VGh7L
1	해외 IP에서 카카오 계정 로그인 시도가 감지되었습니다. 보호조치 http://coupang-event.xyz/anXGX 감사합니다.
1	해외 IP에서 카카오 계정 로그인 시도가 감지되었습니다. 보호조치 http://post-kr.kim/34dq7.apk 감사합니다.
1	해외 IP에서 카카오 계정 로그인 시도가 감지되었습니다. 보호조치 http://fss-help.kim/ZyDFf.apk
1	해외 IP에서 카카오 계정 로그인 시도가 감지되었습니다. 보호조치 http://police-kr-kr.com/mBP6v 감사합니다.
1	[네이버] 회원님 계정이 정지 예정입니다. 본인 확인 https://toss-sec31.online/utFWj
1	[네이버] 회원님 계정이 정지 예정입니다. 본인 확인 bit.ly/7bJ9N
1	[네이버] 회원님 계정이 정지 예정입니다. 본인 확인 http://36.9.134.164/rcq6e 감사합니다.
1	[Web발신] [네이버] 회원님 계정이 정지 예정입니다. 본인 확인 http://gov24-kr.kim/b6pct.apk
1	[네이버] 회원님 계정이 정지 예정입니다. 본인 확인 http://85.133.223.211/52Nug
1	[Web발신] [네이버] 회원님 계정이 정지 예정입니다. 본인 확인 toss-sec.site/dfLYp
1	[Web발신] [네이버] 회원님 계정이 정지 예정입니다. 본인 확인 https://cj-logis.top/N7eXJ
1	[네이버] 회원님 계정이 정지 예정입니다. 본인 확인 http://hanjin-dlv-kr.com/YLeFd 감사합니다.
1	[네이버] 회원님 계정이 정지 예정입니다. 본인 확인 me2.do/av3cj
1	[Web발신] [네이버] 회원님 계정이 정지 예정입니다. 본인 확인 bit.ly/AnMdG
1	[네이버] 회원님 계정이 정지 예정입니다. 본인 확인 fss-help.site/mZK2j
1	[네이버] 회원님 계정이 정지 예정입니다. 본인 확인 naver-auth.site/5qfq2
1	[네이버] 회원님 계정이 정지 예정입니다. 본인 확인 me2.do/DAeTV
1	[네이버] 회원님 계정이 정지 예정입니다. 본인 확인 http://kakao-safe-kr.com/ms6M8
1	[네이버] 회원님 계정이 정지 예정입니다. 본인 확인 http://cj-logis.kim/eZXPL.apk
1	[Web발신] [네이버] 회원님 계정이 정지 예정입니다. 본인 확인 http://police-kr.xyz/gfuVA
1	[네이버] 회원님 계정이 정지 예정입니다. 본인 확인 http://toss-sec.kim/nPcmZ.apk
1	[네이버] 회원님 계정이 정지 예정입니다. 본인 확인 toss-sec.site/L4cDt 감사합니다.
1	[네이버] 회원님 계정이 정지 예정입니다. 본인 확인 http://155.13.109.36/mqKg3 감사합니다.
1	[네이버] 회원님 계정이 정지 예정입니다. 본인 확인 http://kakao-safe-kr.com/NxBFa
1	[Web발신] [네이버] 회원님 계정이 정지 예정입니다. 본인 확인 me2.do/jnDsT
1	[네이버] 회원님 계정이 정지 예정입니다. 본인 확인 http://naver-auth-kr.com/uUsBD 감사합니다.
1	[네이버] 회원님 계정이 정지 예정입니다. 본인 확인 https://toss-sec.top/jBVM9 감사합니다.
1	[Web발신] [네이버] 회원님 계정이 정지 예정입니다. 본인 확인 me2.do/2tUZN
1	[네이버] 회원님 계정이 정지 예정입니다. 본인 확인 https://coupang-event.top/JmtNa 감사합니다.
1	[네이버] 회원님 계정이 정지 예정입니다. 본인 확인 http://cj-logis.kim/67QUr.apk
1	[네이버] 회원님 계정이 정지 예정입니다. 본인 확인 http://123.54.119.145/KXaUb
1	[Web발신] [네이버] 회원님 계정이 정지 예정입니다. 본인 확인 http://post-kr.kim/VTTDD.apk
1	[Web발신] [네이버] 회원님 계정이 정지 예정입니다. 본인 확인 https://fss-help.top/yKXqY
1	[네이버] 회원님 계정이 정지 예정입니다. 본인 확인 https://police-kr32.online/A2z6z
1	[네이버] 회원님 계정이 정지 예정입니다. 본인 확인 bit.ly/xrzXn
1	[네이버] 회원님 계정이 정지 예정입니다. 본인 확인 police-kr.site/KgUMt
1	[네이버] 회원님 계정이 정지 예정입니다. 본인 확인 http://166.101.67.45/R5PHc 감사합니다.
1	[Web발신] [네이버] 회원님 계정이 정지 예정입니다. 본인 확인 https://post-kr40.online/eA3ZY
1	[네이버] 회원님 계정이 정지 예정입니다. 본인 확인 http://fss-help-kr.com/9XycN
1	[네이버] 회원님 계정이 정지 예정입니다. 본인 확인 bit.ly/s5LHf 감사합니다.
1	[Web발신] [네이버] 회원님 계정이 정지 예정입니다. 본인 확인 https://hanjin-dlv.top/mehQY
1	[Web발신] [네이버] 회원님 계정이 정지 예정입니다. 본인 확인 http://police-kr.kim/PLrUk.apk
1	[Web발신] [네이버] 회원님 계정이 정지 예정입니다. 본인 확인 https://kakao-safe47.online/DkSLk
1	[네이버] 회원님 계정이 정지 예정입니다. 본인 확인 https://naver-auth.top/t76Jy 감사합니다.
1	모바일청첩장이 도착했습니다. 도윤♥유나 결혼합니다 coupang-event.site/WqUGG
1	모바일청첩장이 도착했습니다. 도윤♥민지 결혼합니다 http://post-kr-kr.com/7LTce 감사합니다.
1	모바일청첩장이 도착했습니다. 지영♥태훈 결혼합니다 https://kakao-safe62.online/3AKpQ
1	모바일청첩장이 도착했습니다. 지영♥태훈 결혼합니다 http://165.161.235.216/dGm2K
1	모바일청첩장이 도착했습니다. 현우♥태훈 결혼합니다 https://cj-logis.top/wmsYB 감사합니다.
1	모바일청첩장이 도착했습니다. 지영♥민지 결혼합니다 bit.ly/c8nSu
1	[Web발신] 모바일청첩장이 도착했습니다. 준호♥태훈 결혼합니다 http://gov24-kr.xyz/8QVm5
1	모바일청첩장이 도착했습니다. 도윤♥태훈 결혼합니다 https://hanjin-dlv.top/4HrwZ
1	[Web발신] 모바일청첩장이 도착했습니다. 수진♥유나 결혼합니다 gov24-kr.site/3MGpQ
1	모바일청첩장이 도착했습니다. 서연♥민지 결혼합니다 https://cj-logis53.online/Eae2s 감사합니다.
1	[Web발신] 모바일청첩장이 도착했습니다. 하은♥유나 결혼합니다 me2.do/zKXph
1	모바일청첩장이 도착했습니다. 도윤♥태훈 결혼합니다 https://nts-go.top/YARbV 감사합니다.
1	[Web발신] 모바일청첩장이 도착했습니다. 현우♥유나 결혼합니다 post-kr.site/ahsMA
1	모바일청첩장이 도착했습니다. 현우♥유나 결혼합니다 bit.ly/qf8aN
1	[Web발신] 모바일청첩장이 도착했습니다. 하은♥성민 결혼합니다 me2.do/gdXuW
1	모바일청첩장이 도착했습니다. 서연♥태훈 결혼합니다 http://kakao-safe-kr.com/2RQ4s
1	[Web발신] 모바일청첩장이 도착했습니다. 수진♥유나 결혼합니다 http://police-kr.xyz/Jp6mn
1	[Web발신] 모바일청첩장이 도착했습니다. 민수♥민지 결혼합니다 hanjin-dlv.site/48Nv3
1	모바일청첩장이 도착했습니다. 민수♥성민 결혼합니다 fss-help.site/kU9Xw
1	모바일청첩장이 도착했습니다. 하은♥유나 결혼합니다 me2.do/rk9cR
1	모바일청첩장이 도착했습니다. 도윤♥태훈 결혼합니다 bit.ly/SXeXd 감사합니다.
1	[Web발신] 모바일청첩장이 도착했습니다. 민수♥유나 결혼합니다 http://police-kr.kim/JpuB6.apk
1	모바일청첩장이 도착했습니다. 지영♥태훈 결혼합니다 https://coupang-event.top/cECTX 감사합니다.
1	[Web발신] 모바일청첩장이 도착했습니다. 현우♥성민 결혼합니다 me2.do/86jEm
1	모바일청첩장이 도착했습니다. 현우♥민지 결혼합니다 http://coupang-event.kim/492cB.apk 감사합니다.
1	[Web발신] 모바일청첩장이 도착했습니다. 준호♥민지 결혼합니다 http://kakao-safe.xyz/VUJBm
1	모바일청첩장이 도착했습니다. 도윤♥성민 결혼합니다 me2.do/8yKkC
1	[Web발신] 모바일청첩장이 도착했습니다. 민수♥태훈 결혼합니다 http://101.93.78.195/wud7V
1	모바일청첩장이 도착했습니다. 도윤♥성민 결혼합니다 http://coupang-event.xyz/WBpH3 감사합니다.
1	[Web발신] 모바일청첩장이 도착했습니다. 준호♥성민 결혼합니다 https://cj-logis.top/ekNrC
1	[Web발신] 모바일청첩장이 도착했습니다. 지영♥유나 결혼합니다 http://44.230.211.54/3gMZH
1	[Web발신] 모바일청첩장이 도착했습니다. 준호♥태훈 결혼합니다 http://hanjin-dlv-kr.com/uxPjG
1	모바일청첩장이 도착했습니다. 서연♥민지 결혼합니다 http://fss-help-kr.com/ffwYn
1	모바일청첩장이 도착했습니다. 수진♥성민 결혼합니다 http://cj-logis.xyz/aARBr 감사합니다.
1	모바일청첩장이 도착했습니다. 준호♥태훈 결혼합니다 https://toss-sec.top/xqJaX
1	모바일청첩장이 도착했습니다. 수진♥성민 결혼합니다 bit.ly/m9KDH 감사합니다.
1	모바일청첩장이 도착했습니다. 지영♥민지 결혼합니다 http://naver-auth.kim/STY8h.apk
1	[Web발신] 모바일청첩장이 도착했습니다. 도윤♥태훈 결혼합니다 http://post-kr-kr.com/THzWq
1	[Web발신] 모바일청첩장이 도착했습니다. 수진♥성민 결혼합니다 http://kakao-safe.xyz/TcS77
1	모바일청첩장이 도착했습니다. 하은♥유나 결혼합니다 toss-sec.site/85Ynu
1	[Web발신] [부고] 故 도윤님 별세. 장례식장 안내 me2.do/sgUCM
1	[부고] 故 지영님 별세. 장례식장 안내 http://cj-logis.kim/T7xMv.apk
1	[부고] 故 현우님 별세. 장례식장 안내 https://post-kr31.online/eFBVy
1	[부고] 故 민수님 별세. 장례식장 안내 fss-help.site/RtvJB
1	[Web발신] [부고] 故 수진님 별세. 장례식장 안내 https://fss-help.top/KHneH
1	[부고] 故 수진님 별세. 장례식장 안내 http://189.27.198.119/p9zq4
1	[부고] 故 서연님 별세. 장례식장 안내 coupang-event.site/JftWS 감사합니다.
1	[부고] 故 수진님 별세. 장례식장 안내 http://199.243.255.88/fkSbj
1	[부고] 故 서연님 별세. 장례식장 안내 http://kakao-safe-kr.com/KSarV
1	[부고] 故 도윤님 별세. 장례식장 안내 https://fss-help.top/DVABM 감사합니다.
1	[부고] 故 하은님 별세. 장례식장 안내 http://66.248.133.249/MFPP3
1	[부고] 故 도윤님 별세. 장례식장 안내 https://kakao-safe88.online/HnZ7u 감사합니다.
1	[부고] 故 현우님 별세. 장례식장 안내 me2.do/vCzNb 감사합니다.
1	[부고] 故 지영님 별세. 장례식장 안내 http://cj-logis.xyz/6rpWT 감사합니다.
1	[부고] 故 수진님 별세. 장례식장 안내 http://cj-logis-kr.com/aVVcZ
1	[부고] 故 현우님 별세. 장례식장 안내 bit.ly/vf7SL 감사합니다.
1	[Web발신] [부고] 故 민수님 별세. 장례식장 안내 https://police-kr89.online/BMTav
1	[부고] 故 하은님 별세. 장례식장 안내 https://cj-logis.top/9urus
1	[Web발신] [부고] 故 현우님 별세. 장례식장 안내 http://gov24-kr.xyz/B2V77
1	[Web발신] [부고] 故 현우님 별세. 장례식장 안내 http://toss-sec.kim/xqRa7.apk
1	[부고] 故 지영님 별세. 장례식장 안내 http://hanjin-dlv-kr.com/jUAQx
1	[부고] 故 수진님 별세. 장례식장 안내 https://hanjin-dlv.top/mNBuu
1	[부고] 故 하은님 별세. 장례식장 안내 bit.ly/TD9D9
1	[Web발신] [부고] 故 서연님 별세. 장례식장 안내 http://naver-auth-kr.com/JbrK8
1	[부고] 故 현우님 별세. 장례식장 안내 http://fss-help.kim/EjBNt.apk
1	[부고] 故 현우님 별세. 장례식장 안내 https://police-kr.top/byU5q 감사합니다.
1	[부고] 故 수진님 별세. 장례식장 안내 http://police-kr.xyz/S4XkJ
1	[부고] 故 준호님 별세. 장례식장 안내 http://hanjin-dlv.kim/kYCH7.apk 감사합니다.
1	[부고] 故 서연님 별세. 장례식장 안내 nts-go.site/Ynd5D
1	[부고] 故 지영님 별세. 장례식장 안내 fss-help.site/QY8Yf 감사합니다.
1	[부고] 故 수진님 별세. 장례식장 안내 kakao-safe.site/37Muh 감사합니다.
1	[부고] 故 수진님 별세. 장례식장 안내 http://121.141.214.28/RQHnt
1	[부고] 故 도윤님 별세. 장례식장 안내 http://naver-auth-kr.com/R6dPS
1	[부고] 故 수진님 별세. 장례식장 안내 http://gov24-kr.xyz/7VcLc
1	[부고] 故 민수님 별세. 장례식장 안내 http://nts-go.kim/tJPt6.apk
1	[부고] 故 도윤님 별세. 장례식장 안내 https://post-kr81.online/kfVGg
1	[부고] 故 도윤님 별세. 장례식장 안내 http://post-kr.kim/CxyAV.apk 감사합니다.
1	[Web발신] [부고] 故 지영님 별세. 장례식장 안내 http://cj-logis-kr.com/jCpFK
1	[부고] 故 준호님 별세. 장례식장 안내 gov24-kr.site/AmKGZ 감사합니다.
1	[부고] 故 수진님 별세. 장례식장 안내 http://police-kr-kr.com/ePT9E 감사합니다.
1	축하합니다! GS25 경품 이벤트 당첨. 수령 정보 입력 http://police-kr-kr.com/hUy7L
1	[Web발신] 축하합니다! GS25 경품 이벤트 당첨. 수령 정보 입력 me2.do/tkFXK
1	[Web발신] 축하합니다! 올리브영 경품 이벤트 당첨. 수령 정보 입력 nts-go.site/XVwST
1	축하합니다! 다이소 경품 이벤트 당첨. 수령 정보 입력 gov24-kr.site/7FxWx
1	[Web발신] 축하합니다! 스타벅스 경품 이벤트 당첨. 수령 정보 입력 https://gov24-kr.top/B5vZS
1	축하합니다! 쿠팡 경품 이벤트 당첨. 수령 정보 입력 http://naver-auth.xyz/StULC
1	축하합니다! 스타벅스 경품 이벤트 당첨. 수령 정보 입력 http://nts-go-kr.com/VJrqE
1	축하합니다! 스타벅스 경품 이벤트 당첨. 수령 정보 입력 coupang-event.site/pXJ4u
1	[Web발신] 축하합니다! 다이소 경품 이벤트 당첨. 수령 정보 입력 me2.do/2z5yD
1	축하합니다! 다이소 경품 이벤트 당첨. 수령 정보 입력 http://toss-sec.kim/Smzgn.apk
1	[Web발신] 축하합니다! 다이소 경품 이벤트 당첨. 수령 정보 입력 bit.ly/TuJpU
1	축하합니다! 스타벅스 경품 이벤트 당첨. 수령 정보 입력 http://kakao-safe-kr.com/TuacK
1	축하합니다! 스타벅스 경품 이벤트 당첨. 수령 정보 입력 me2.do/tcupA
1	[Web발신] 축하합니다! 이마트 경품 이벤트 당첨. 수령 정보 입력 fss-help.site/F3vub
1	[Web발신] 축하합니다! 스타벅스 경품 이벤트 당첨. 수령 정보 입력 http://nts-go.kim/Uw2e5.apk
1	[Web발신] 축하합니다! 다이소 경품 이벤트 당첨. 수령 정보 입력 me2.do/TwBYA
1	[Web발신] 축하합니다! 이마트 경품 이벤트 당첨. 수령 정보 입력 bit.ly/ezT4B
1	[Web발신] 축하합니다! 다이소 경품 이벤트 당첨. 수령 정보 입력 http://102.146.63.69/JvqRS
1	[Web발신] 축하합니다! GS25 경품 이벤트 당첨. 수령 정보 입력 http://coupang-event.xyz/nHmhP
1	축하합니다! GS25 경품 이벤트 당첨. 수령 정보 입력 http://36.180.207.39/JhBUn
1	축하합니다! 올리브영 경품 이벤트 당첨. 수령 정보 입력 http://nts-go.kim/twH3M.apk
1	[Web발신] 축하합니다! 쿠팡 경품 이벤트 당첨. 수령 정보 입력 hanjin-dlv.site/JnQAk
1	[Web발신] 축하합니다! GS25 경품 이벤트 당첨. 수령 정보 입력 http://toss-sec.xyz/UBagG
1	축하합니다! 쿠팡 경품 이벤트 당첨. 수령 정보 입력 https://hanjin-dlv14.online/HXCNh
1	축하합니다! 스타벅스 경품 이벤트 당첨. 수령 정보 입력 me2.do/LVrRs
1	축하합니다! 다이소 경품 이벤트 당첨. 수령 정보 입력 bit.ly/Qse5D
1	[Web발신] 축하합니다! 다이소 경품 이벤트 당첨. 수령 정보 입력 http://35.156.245.135/LWqTw
1	축하합니다! GS25 경품 이벤트 당첨. 수령 정보 입력 toss-sec.site/4NjPc 감사합니다.
1	축하합니다! GS25 경품 이벤트 당첨. 수령 정보 입력 http://toss-sec.kim/xzK4j.apk
1	축하합니다! GS25 경품 이벤트 당첨. 수령 정보 입력 police-kr.site/XesDB
1	축하합니다! 쿠팡 경품 이벤트 당첨. 수령 정보 입력 me2.do/fuR2g 감사합니다.
1	[Web발신] 축하합니다! 다이소 경품 이벤트 당첨. 수령 정보 입력 https://kakao-safe68.online/hfvtZ
1	축하합니다! GS25 경품 이벤트 당첨. 수령 정보 입력 https://post-kr.top/SLXm3 감사합니다.
1	축하합니다! 쿠팡 경품 이벤트 당첨. 수령 정보 입력 http://coupang-event.kim/Cwd5Q.apk 감사합니다.
1	[Web발신] 축하합니다! 다이소 경품 이벤트 당첨. 수령 정보 입력 http://naver-auth-kr.com/ncN3j
1	축하합니다! 스타벅스 경품 이벤트 당첨. 수령 정보 입력 https://hanjin-dlv.top/8DEBt
1	[Web발신] 축하합니다! 쿠팡 경품 이벤트 당첨. 수령 정보 입력 bit.ly/9aX5s
1	축하합니다! 쿠팡 경품 이벤트 당첨. 수령 정보 입력 http://208.16.105.59/BbM2V
1	[Web발신] 축하합니다! GS25 경품 이벤트 당첨. 수령 정보 입력 https://police-kr21.online/u4UgS
1	축하합니다! 쿠팡 경품 이벤트 당첨. 수령 정보 입력 http://48.62.163.173/sCPc2
1	무료 쿠폰 50만원 지급! 앱 설치 후 사용 http://nts-go.kim/Ve32S.apk
1	무료 쿠폰 120만원 지급! 앱 설치 후 사용 https://police-kr.top/VuwP8 감사합니다.
1	무료 쿠폰 2,500원 지급! 앱 설치 후 사용 https://hanjin-dlv.top/bWLka 감사합니다.
1	[Web발신] 무료 쿠폰 3,000원 지급! 앱 설치 후 사용 http://80.237.128.189/5ymGM
1	무료 쿠폰 300만원 지급! 앱 설치 후 사용 me2.do/7yAYT
1	[Web발신] 무료 쿠폰 2,500원 지급! 앱 설치 후 사용 http://nts-go-kr.com/7GHHR
1	[Web발신] 무료 쿠폰 120만원 지급! 앱 설치 후 사용 cj-logis.site/netBg
1	무료 쿠폰 49,800원 지급! 앱 설치 후 사용 http://naver-auth.xyz/LfgR6
1	무료 쿠폰 300만원 지급! 앱 설치 후 사용 http://nts-go.kim/WRDQq.apk
1	무료 쿠폰 2,500원 지급! 앱 설치 후 사용 bit.ly/Akfn9 감사합니다.
1	무료 쿠폰 3,000원 지급! 앱 설치 후 사용 http://toss-sec.kim/kbCn8.apk
1	[Web발신] 무료 쿠폰 2,500원 지급! 앱 설치 후 사용 https://police-kr.top/nFURq
1	[Web발신] 무료 쿠폰 300만원 지급! 앱 설치 후 사용 http://toss-sec-kr.com/WAYdT
1	무료 쿠폰 3,000원 지급! 앱 설치 후 사용 https://fss-help22.online/JQvuQ
1	무료 쿠폰 1,980,000원 지급! 앱 설치 후 사용 http://toss-sec.kim/869cD.apk 감사합니다.
1	무료 쿠폰 2,500원 지급! 앱 설치 후 사용 https://gov24-kr26.online/mtkxB
1	무료 쿠폰 120만원 지급! 앱 설치 후 사용 http://cj-logis-kr.com/4wPw5
1	무료 쿠폰 50만원 지급! 앱 설치 후 사용 https://fss-help.top/6UdXT
1	[Web발신] 무료 쿠폰 2,500원 지급! 앱 설치 후 사용 http://police-kr-kr.com/4k87R
1	[Web발신] 무료 쿠폰 1,980,000원 지급! 앱 설치 후 사용 http://post-kr.kim/VdFQd.apk
1	무료 쿠폰 50만원 지급! 앱 설치 후 사용 bit.ly/hLNpU
1	[Web발신] 무료 쿠폰 50만원 지급! 앱 설치 후 사용 http://hanjin-dlv.xyz/F33PE
1	[Web발신] 무료 쿠폰 1,980,000원 지급! 앱 설치 후 사용 http://gov24-kr-kr.com/MFMKd
1	무료 쿠폰 50만원 지급! 앱 설치 후 사용 http://police-kr.kim/MZJsh.apk
1	무료 쿠폰 120만원 지급! 앱 설치 후 사용 http://kakao-safe.kim/KJYhn.apk 감사합니다.
1	무료 쿠폰 2,500원 지급! 앱 설치 후 사용 http://naver-auth.kim/c4Tft.apk 감사합니다.
1	무료 쿠폰 1,980,000원 지급! 앱 설치 후 사용 http://gov24-kr.xyz/gcX7n 감사합니다.
1	무료 쿠폰 49,800원 지급! 앱 설치 후 사용 http://gov24-kr-kr.com/PUMwx 감사합니다.
1	무료 쿠폰 49,800원 지급! 앱 설치 후 사용 http://naver-auth.kim/Y3sBC.apk 감사합니다.
1	무료 쿠폰 1,980,000원 지급! 앱 설치 후 사용 me2.do/RxR2K
1	무료 쿠폰 1,980,000원 지급! 앱 설치 후 사용 https://toss-sec73.online/SdCFx
1	[Web발신] 무료 쿠폰 3,000원 지급! 앱 설치 후 사용 gov24-kr.site/zAf63
1	무료 쿠폰 2,500원 지급! 앱 설치 후 사용 https://cj-logis43.online/ZQFaa
1	무료 쿠폰 49,800원 지급! 앱 설치 후 사용 http://gov24-kr.xyz/cp8tm 감사합니다.
1	무료 쿠폰 1,980,000원 지급! 앱 설치 후 사용 http://121.65.47.222/yTCPL 감사합니다.
1	무료 쿠폰 49,800원 지급! 앱 설치 후 사용 bit.ly/Qdzv5
1	무료 쿠폰 3,000원 지급! 앱 설치 후 사용 http://toss-sec.xyz/6Cm6B 감사합니다.
1	무료 쿠폰 2,500원 지급! 앱 설치 후 사용 bit.ly/Nts3m 감사합니다.
1	무료 쿠폰 120만원 지급! 앱 설치 후 사용 https://toss-sec15.online/cDQyB
1	무료 쿠폰 49,800원 지급! 앱 설치 후 사용 coupang-event.site/3gT7k
1	(광고) 수익률 300% 보장 주식 리딩방 무료 입장 http://police-kr-kr.com/TzVUv
1	(광고) 수익률 300% 보장 주식 리딩방 무료 입장 http://56.236.36.6/BGWMH 감사합니다.
1	(광고) 수익률 300% 보장 주식 리딩방 무료 입장 http://cj-logis.kim/uzYVe.apk 감사합니다.
1	(광고) 수익률 300% 보장 주식 리딩방 무료 입장 http://hanjin-dlv-kr.com/rTJeg
1	(광고) 수익률 300% 보장 주식 리딩방 무료 입장 https://hanjin-dlv89.online/Z9uj7
1	(광고) 수익률 300% 보장 주식 리딩방 무료 입장 http://kakao-safe.kim/WTaen.apk
1	(광고) 수익률 300% 보장 주식 리딩방 무료 입장 http://naver-auth-kr.com/NumLf
1	[Web발신] (광고) 수익률 300% 보장 주식 리딩방 무료 입장 bit.ly/vbvVn
1	[Web발신] (광고) 수익률 300% 보장 주식 리딩방 무료 입장 bit.ly/zKffR
1	(광고) 수익률 300% 보장 주식 리딩방 무료 입장 bit.ly/qqUcP
1	(광고) 수익률 300% 보장 주식 리딩방 무료 입장 http://hanjin-dlv.kim/p7twp.apk
1	(광고) 수익률 300% 보장 주식 리딩방 무료 입장 http://police-kr.kim/zBWFR.apk 감사합니다.
1	[Web발신] (광고) 수익률 300% 보장 주식 리딩방 무료 입장 http://post-kr.kim/JpmA8.apk
1	[Web발신] (광고) 수익률 300% 보장 주식 리딩방 무료 입장 http://post-kr-kr.com/mgbDb
1	[Web발신] (광고) 수익률 300% 보장 주식 리딩방 무료 입장 https://nts-go.top/4bFLE
1	[Web발신] (광고) 수익률 300% 보장 주식 리딩방 무료 입장 http://hanjin-dlv-kr.com/cPcPN
1	(광고) 수익률 300% 보장 주식 리딩방 무료 입장 gov24-kr.site/5eCjA
1	(광고) 수익률 300% 보장 주식 리딩방 무료 입장 bit.ly/rrp67 감사합니다.
1	(광고) 수익률 300% 보장 주식 리딩방 무료 입장 https://police-kr.top/FzvKJ
1	(광고) 수익률 300% 보장 주식 리딩방 무료 입장 me2.do/JBH5Q
1	(광고) 수익률 300% 보장 주식 리딩방 무료 입장 fss-help.site/X8B2j 감사합니다.
1	[Web발신] (광고) 수익률 300% 보장 주식 리딩방 무료 입장 https://fss-help53.online/MGWPH
1	[Web발신] (광고) 수익률 300% 보장 주식 리딩방 무료 입장 http://79.175.48.51/JMxrL
1	(광고) 수익률 300% 보장 주식 리딩방 무료 입장 http://police-kr-kr.com/dHmFJ 감사합니다.
1	[Web발신] (광고) 수익률 300% 보장 주식 리딩방 무료 입장 https://hanjin-dlv95.online/aujND
1	(광고) 수익률 300% 보장 주식 리딩방 무료 입장 http://109.203.196.133/4fhNS 감사합니다.
1	(광고) 수익률 300% 보장 주식 리딩방 무료 입장 http://fss-help.xyz/4zCaj
1	(광고) 수익률 300% 보장 주식 리딩방 무료 입장 http://post-kr-kr.com/g45HF
1	(광고) 수익률 300% 보장 주식 리딩방 무료 입장 https://gov24-kr.top/evNEx
1	[Web발신] (광고) 수익률 300% 보장 주식 리딩방 무료 입장 bit.ly/szT2j
1	(광고) 수익률 300% 보장 주식 리딩방 무료 입장 https://gov24-kr.top/jrxDp 감사합니다.
1	[Web발신] (광고) 수익률 300% 보장 주식 리딩방 무료 입장 http://toss-sec-kr.com/gPkw4
1	[Web발신] (광고) 수익률 300% 보장 주식 리딩방 무료 입장 me2.do/zks9b
1	(광고) 수익률 300% 보장 주식 리딩방 무료 입장 http://fss-help.kim/Jtyec.apk
1	(광고) 수익률 300% 보장 주식 리딩방 무료 입장 http://fss-help.kim/GSfAp.apk
1	(광고) 수익률 300% 보장 주식 리딩방 무료 입장 http://police-kr.xyz/T2jXb
1	(광고) 수익률 300% 보장 주식 리딩방 무료 입장 https://hanjin-dlv93.online/qp43H
1	(광고) 수익률 300% 보장 주식 리딩방 무료 입장 http://naver-auth.xyz/EmHC6 감사합니다.
1	(광고) 수익률 300% 보장 주식 리딩방 무료 입장 http://gov24-kr.kim/2amqn.apk
1	(광고) 수익률 300% 보장 주식 리딩방 무료 입장 https://kakao-safe58.online/kYYAy
1	코인 고수익 보장 VIP 리딩 무료체험 카톡 문의 http://147.121.63.201/Ujrzv
1	코인 고수익 보장 VIP 리딩 무료체험 카톡 문의 police-kr.site/b7ruj 감사합니다.
1	코인 고수익 보장 VIP 리딩 무료체험 카톡 문의 http://cj-logis.xyz/R4puN
1	코인 고수익 보장 VIP 리딩 무료체험 카톡 문의 me2.do/pftDa
1	코인 고수익 보장 VIP 리딩 무료체험 카톡 문의 https://toss-sec60.online/U6Bzu 감사합니다.
1	코인 고수익 보장 VIP 리딩 무료체험 카톡 문의 http://cj-logis.kim/xaNwz.apk
1	[Web발신] 코인 고수익 보장 VIP 리딩 무료체험 카톡 문의 http://nts-go.kim/mx6CM.apk
1	코인 고수익 보장 VIP 리딩 무료체험 카톡 문의 http://cj-logis.kim/f7ZFp.apk
1	코인 고수익 보장 VIP 리딩 무료체험 카톡 문의 http://fss-help-kr.com/feWSA
1	코인 고수익 보장 VIP 리딩 무료체험 카톡 문의 me2.do/ZTHdL
1	코인 고수익 보장 VIP 리딩 무료체험 카톡 문의 me2.do/XyLkZ
1	코인 고수익 보장 VIP 리딩 무료체험 카톡 문의 http://gov24-kr.kim/JBkby.apk 감사합니다.
1	[Web발신] 코인 고수익 보장 VIP 리딩 무료체험 카톡 문의 bit.ly/bMLCs
1	코인 고수익 보장 VIP 리딩 무료체험 카톡 문의 https://cj-logis.top/xgBrD
1	코인 고수익 보장 VIP 리딩 무료체험 카톡 문의 https://post-kr.top/SeQSx
1	코인 고수익 보장 VIP 리딩 무료체험 카톡 문의 me2.do/BK8W9 감사합니다.
1	코인 고수익 보장 VIP 리딩 무료체험 카톡 문의 http://police-kr.kim/uZuB7.apk
1	코인 고수익 보장 VIP 리딩 무료체험 카톡 문의 http://police-kr.xyz/N3FGf 감사합니다.
1	코인 고수익 보장 VIP 리딩 무료체험 카톡 문의 http://99.151.196.68/fUcJ5 감사합니다.
1	[Web발신] 코인 고수익 보장 VIP 리딩 무료체험 카톡 문의 http://police-kr.kim/zRjjL.apk
1	코인 고수익 보장 VIP 리딩 무료체험 카톡 문의 bit.ly/D6uya
1	[Web발신] 코인 고수익 보장 VIP 리딩 무료체험 카톡 문의 http://41.207.110.226/r8kK3
1	코인 고수익 보장 VIP 리딩 무료체험 카톡 문의 https://hanjin-dlv.top/yVDzC
1	코인 고수익 보장 VIP 리딩 무료체험 카톡 문의 bit.ly/WwMBF
1	코인 고수익 보장 VIP 리딩 무료체험 카톡 문의 https://gov24-kr46.online/F638Y 감사합니다.
1	코인 고수익 보장 VIP 리딩 무료체험 카톡 문의 https://kakao-safe52.online/G25zQ
1	코인 고수익 보장 VIP 리딩 무료체험 카톡 문의 me2.do/hzbSZ
1	[Web발신] 코인 고수익 보장 VIP 리딩 무료체험 카톡 문의 https://toss-sec80.online/DnJ9Q
1	코인 고수익 보장 VIP 리딩 무료체험 카톡 문의 bit.ly/ajxgW
1	코인 고수익 보장 VIP 리딩 무료체험 카톡 문의 me2.do/nVkSw
1	코인 고수익 보장 VIP 리딩 무료체험 카톡 문의 http://26.75.183.159/f3hxx
1	코인 고수익 보장 VIP 리딩 무료체험 카톡 문의 http://gov24-kr.kim/xMUnb.apk
1	코인 고수익 보장 VIP 리딩 무료체험 카톡 문의 http://naver-auth.kim/VBVb3.apk
1	[Web발신] 코인 고수익 보장 VIP 리딩 무료체험 카톡 문의 http://coupang-event-kr.com/HSHej
1	코인 고수익 보장 VIP 리딩 무료체험 카톡 문의 http://toss-sec.kim/RxDrg.apk
1	코인 고수익 보장 VIP 리딩 무료체험 카톡 문의 me2.do/hjQQE
1	코인 고수익 보장 VIP 리딩 무료체험 카톡 문의 http://153.149.36.220/grNXK 감사합니다.
1	코인 고수익 보장 VIP 리딩 무료체험 카톡 문의 https://post-kr22.online/YBxPh 감사합니다.
1	코인 고수익 보장 VIP 리딩 무료체험 카톡 문의 http://toss-sec.kim/8rChn.apk 감사합니다.
1	코인 고수익 보장 VIP 리딩 무료체험 카톡 문의 bit.ly/Wg8f4
1	[우체국택배] 택배 도착 예정. 수령 시 본인 확인 앱 설치 필요 me2.do/JxMNa 감사합니다.
1	[롯데택배] 택배 도착 예정. 수령 시 본인 확인 앱 설치 필요 https://gov24-kr58.online/c5ymU 감사합니다.
1	[CJ대한통운] 택배 도착 예정. 수령 시 본인 확인 앱 설치 필요 me2.do/RVqsg
1	[로젠택배] 택배 도착 예정. 수령 시 본인 확인 앱 설치 필요 https://gov24-kr34.online/WCDHF
1	[한진택배] 택배 도착 예정. 수령 시 본인 확인 앱 설치 필요 bit.ly/8wuJs 감사합니다.
1	[한진택배] 택배 도착 예정. 수령 시 본인 확인 앱 설치 필요 http://post-kr.kim/kN2rq.apk
1	[우체국택배] 택배 도착 예정. 수령 시 본인 확인 앱 설치 필요 http://post-kr.kim/a47WB.apk
1	[우체국택배] 택배 도착 예정. 수령 시 본인 확인 앱 설치 필요 coupang-event.site/SLFUE 감사합니다.
1	[로젠택배] 택배 도착 예정. 수령 시 본인 확인 앱 설치 필요 http://toss-sec.kim/fwBpJ.apk
1	[Web발신] [롯데택배] 택배 도착 예정. 수령 시 본인 확인 앱 설치 필요 http://nts-go.xyz/etEY5
1	[롯데택배] 택배 도착 예정. 수령 시 본인 확인 앱 설치 필요 https://post-kr42.online/h3KXt 감사합니다.
1	[롯데택배] 택배 도착 예정. 수령 시 본인 확인 앱 설치 필요 http://police-kr-kr.com/VAvbp
1	[Web발신] [CJ대한통운] 택배 도착 예정. 수령 시 본인 확인 앱 설치 필요 https://gov24-kr.top/dPz2V
1	[CJ대한통운] 택배 도착 예정. 수령 시 본인 확인 앱 설치 필요 http://naver-auth-kr.com/BzcCB
1	[한진택배] 택배 도착 예정. 수령 시 본인 확인 앱 설치 필요 http://31.16.4.245/krtPW
1	[한진택배] 택배 도착 예정. 수령 시 본인 확인 앱 설치 필요 http://fss-help-kr.com/2LhkS
1	[한진택배] 택배 도착 예정. 수령 시 본인 확인 앱 설치 필요 post-kr.site/mbgws 감사합니다.
1	[로젠택배] 택배 도착 예정. 수령 시 본인 확인 앱 설치 필요 http://142.67.212.26/FdjMk 감사합니다.
1	[Web발신] [한진택배] 택배 도착 예정. 수령 시 본인 확인 앱 설치 필요 http://coupang-event-kr.com/eYR7m
1	[우체국택배] 택배 도착 예정. 수령 시 본인 확인 앱 설치 필요 http://coupang-event-kr.com/zQ8gD
1	[로젠택배] 택배 도착 예정. 수령 시 본인 확인 앱 설치 필요 me2.do/s4cVM
1	[CJ대한통운] 택배 도착 예정. 수령 시 본인 확인 앱 설치 필요 bit.ly/YC4eL
1	[로젠택배] 택배 도착 예정. 수령 시 본인 확인 앱 설치 필요 http://nts-go.xyz/rwggR
1	[Web발신] [우체국택배] 택배 도착 예정. 수령 시 본인 확인 앱 설치 필요 me2.do/RttMp
1	[Web발신] [CJ대한통운] 택배 도착 예정. 수령 시 본인 확인 앱 설치 필요 me2.do/FAMNA
1	[CJ대한통운] 택배 도착 예정. 수령 시 본인 확인 앱 설치 필요 bit.ly/kSgGh
1	[Web발신] [로젠택배] 택배 도착 예정. 수령 시 본인 확인 앱 설치 필요 http://140.73.177.33/CKX4g
1	[롯데택배] 택배 도착 예정. 수령 시 본인 확인 앱 설치 필요 naver-auth.site/JXEH2 감사합니다.
1	[CJ대한통운] 택배 도착 예정. 수령 시 본인 확인 앱 설치 필요 http://70.238.105.63/2whAc
1	[CJ대한통운] 택배 도착 예정. 수령 시 본인 확인 앱 설치 필요 http://52.94.16.119/6KEAW 감사합니다.
1	[롯데택배] 택배 도착 예정. 수령 시 본인 확인 앱 설치 필요 http://cj-logis.xyz/GqaQw
1	[롯데택배] 택배 도착 예정. 수령 시 본인 확인 앱 설치 필요 http://naver-auth-kr.com/wNkV5 감사합니다.
1	[Web발신] [롯데택배] 택배 도착 예정. 수령 시 본인 확인 앱 설치 필요 http://toss-sec-kr.com/VBYAh
1	[CJ대한통운] 택배 도착 예정. 수령 시 본인 확인 앱 설치 필요 https://post-kr.top/9Hwx7
1	[Web발신] [롯데택배] 택배 도착 예정. 수령 시 본인 확인 앱 설치 필요 https://toss-sec78.online/H5d5d
1	[Web발신] [우체국택배] 택배 도착 예정. 수령 시 본인 확인 앱 설치 필요 http://naver-auth-kr.com/WPajx
1	[Web발신] [한진택배] 택배 도착 예정. 수령 시 본인 확인 앱 설치 필요 http://gov24-kr.xyz/7yCTA
1	[Web발신] [로젠택배] 택배 도착 예정. 수령 시 본인 확인 앱 설치 필요 cj-logis.site/VqGAB
1	[로젠택배] 택배 도착 예정. 수령 시 본인 확인 앱 설치 필요 http://cj-logis.kim/zCCr8.apk
1	[Web발신] [롯데택배] 택배 도착 예정. 수령 시 본인 확인 앱 설치 필요 http://naver-auth.kim/ckwQh.apk
1	10/5 쓰레기 무단투기 과태료 부과. 사진 확인 bit.ly/p5GJK
1	11월 2일 쓰레기 무단투기 과태료 부과. 사진 확인 http://150.34.147.157/9yHT5
1	내일 쓰레기 무단투기 과태료 부과. 사진 확인 https://police-kr16.online/amQua 감사합니다.
1	11월 2일 쓰레기 무단투기 과태료 부과. 사진 확인 bit.ly/2wkjx
1	10/5 쓰레기 무단투기 과태료 부과. 사진 확인 http://coupang-event.kim/gkd6s.apk
1	[Web발신] 10/5 쓰레기 무단투기 과태료 부과. 사진 확인 toss-sec.site/NQP5e
1	10월 7일 쓰레기 무단투기 과태료 부과. 사진 확인 https://nts-go92.online/5LsLc 감사합니다.
1	내일 쓰레기 무단투기 과태료 부과. 사진 확인 http://toss-sec-kr.com/EKFx5 감사합니다.
1	모레 쓰레기 무단투기 과태료 부과. 사진 확인 https://gov24-kr18.online/dYpuG
1	모레 쓰레기 무단투기 과태료 부과. 사진 확인 me2.do/gXRUK 감사합니다.
1	10월 7일 쓰레기 무단투기 과태료 부과. 사진 확인 https://hanjin-dlv.top/rdtqq 감사합니다.
1	10월 7일 쓰레기 무단투기 과태료 부과. 사진 확인 http://gov24-kr.kim/Qp43U.apk
1	10월 7일 쓰레기 무단투기 과태료 부과. 사진 확인 http://gov24-kr-kr.com/2YzEV
1	내일 쓰레기 무단투기 과태료 부과. 사진 확인 http://kakao-safe-kr.com/che5t 감사합니다.
1	[Web발신] 10월 7일 쓰레기 무단투기 과태료 부과. 사진 확인 fss-help.site/Ehzww
1	[Web발신] 10월 7일 쓰레기 무단투기 과태료 부과. 사진 확인 fss-help.site/U8BEP
1	[Web발신] 10/5 쓰레기 무단투기 과태료 부과. 사진 확인 https://kakao-safe80.online/8A4NF
1	10월 7일 쓰레기 무단투기 과태료 부과. 사진 확인 me2.do/yL3qJ
1	10/5 쓰레기 무단투기 과태료 부과. 사진 확인 https://kakao-safe66.online/3M9WY 감사합니다.
1	모레 쓰레기 무단투기 과태료 부과. 사진 확인 bit.ly/bx2xU
1	11월 2일 쓰레기 무단투기 과태료 부과. 사진 확인 coupang-event.site/bLqSE
1	10월 7일 쓰레기 무단투기 과태료 부과. 사진 확인 bit.ly/9Sg2j 감사합니다.
1	10월 7일 쓰레기 무단투기 과태료 부과. 사진 확인 me2.do/f3wrm
1	[Web발신] 11월 2일 쓰레기 무단투기 과태료 부과. 사진 확인 me2.do/hMHtd
1	11월 2일 쓰레기 무단투기 과태료 부과. 사진 확인 http://coupang-event.kim/3FGvP.apk
1	내일 쓰레기 무단투기 과태료 부과. 사진 확인 http://hanjin-dlv.kim/593sx.apk
1	모레 쓰레기 무단투기 과태료 부과. 사진 확인 https://nts-go.top/UuvTQ
1	11월 2일 쓰레기 무단투기 과태료 부과. 사진 확인 http://toss-sec.xyz/2kAJM
1	[Web발신] 10/5 쓰레기 무단투기 과태료 부과. 사진 확인 me2.do/V33LF
1	10/5 쓰레기 무단투기 과태료 부과. 사진 확인 me2.do/C7eJQ 감사합니다.
1	10/5 쓰레기 무단투기 과태료 부과. 사진 확인 bit.ly/5CX2b
1	모레 쓰레기 무단투기 과태료 부과. 사진 확인 http://post-kr-kr.com/vfUP4
1	[Web발신] 내일 쓰레기 무단투기 과태료 부과. 사진 확인 https://hanjin-dlv.top/utzKy
1	[Web발신] 10/5 쓰레기 무단투기 과태료 부과. 사진 확인 me2.do/KZ7pT
1	내일 쓰레기 무단투기 과태료 부과. 사진 확인 kakao-safe.site/gkuDv
1	내일 쓰레기 무단투기 과태료 부과. 사진 확인 bit.ly/vBfde
1	내일 쓰레기 무단투기 과태료 부과. 사진 확인 http://coupang-event.xyz/QknJW 감사합니다.
1	모레 쓰레기 무단투기 과태료 부과. 사진 확인 http://police-kr-kr.com/SQq5k 감사합니다.
1	내일 쓰레기 무단투기 과태료 부과. 사진 확인 http://gov24-kr.xyz/KJvLY
1	[Web발신] 모레 쓰레기 무단투기 과태료 부과. 사진 확인 http://naver-auth.xyz/G4EhC
1	[우체국] 등기우편 2회 미수령. 반송 예정 안내 gov24-kr.site/UCmTu
1	[Web발신] [우체국] 등기우편 2회 미수령. 반송 예정 안내 http://police-kr.xyz/Cv5Fd
1	[우체국] 등기우편 2회 미수령. 반송 예정 안내 http://police-kr.kim/W2wPg.apk
1	[우체국] 등기우편 2회 미수령. 반송 예정 안내 me2.do/5HfKK
1	[Web발신] [우체국] 등기우편 2회 미수령. 반송 예정 안내 http://coupang-event.xyz/FeAMJ
1	[우체국] 등기우편 2회 미수령. 반송 예정 안내 https://toss-sec.top/uEdMU
1	[우체국] 등기우편 2회 미수령. 반송 예정 안내 me2.do/2EdUd
1	[우체국] 등기우편 2회 미수령. 반송 예정 안내 https://fss-help.top/rw5uG
1	[우체국] 등기우편 2회 미수령. 반송 예정 안내 http://hanjin-dlv.kim/ZZaAL.apk 감사합니다.
1	[우체국] 등기우편 2회 미수령. 반송 예정 안내 http://fss-help-kr.com/XrWUM
1	[Web발신] [우체국] 등기우편 2회 미수령. 반송 예정 안내 https://gov24-kr.top/McWnZ
1	[Web발신] [우체국] 등기우편 2회 미수령. 반송 예정 안내 http://kakao-safe.kim/y9VBs.apk
1	[Web발신] [우체국] 등기우편 2회 미수령. 반송 예정 안내 https://naver-auth91.online/rJxa8
1	[우체국] 등기우편 2회 미수령. 반송 예정 안내 http://naver-auth.kim/gvsmw.apk
1	[우체국] 등기우편 2회 미수령. 반송 예정 안내 me2.do/CuyEE
1	[우체국] 등기우편 2회 미수령. 반송 예정 안내 http://cj-logis.xyz/9Unxz
1	[우체국] 등기우편 2회 미수령. 반송 예정 안내 https://gov24-kr.top/PwGrG
1	[우체국] 등기우편 2회 미수령. 반송 예정 안내 http://hanjin-dlv.kim/LDhR9.apk
1	[우체국] 등기우편 2회 미수령. 반송 예정 안내 http://143.245.224.132/dY6Wr 감사합니다.
1	[Web발신] [우체국] 등기우편 2회 미수령. 반송 예정 안내 http://gov24-kr-kr.com/XnhQc
1	[Web발신] [우체국] 등기우편 2회 미수령. 반송 예정 안내 http://toss-sec-kr.com/dFqGd
1	[우체국] 등기우편 2회 미수령. 반송 예정 안내 http://police-kr-kr.com/MzcyX
1	[우체국] 등기우편 2회 미수령. 반송 예정 안내 bit.ly/PAn8b 감사합니다.
1	[Web발신] [우체국] 등기우편 2회 미수령. 반송 예정 안내 me2.do/8sT7m
1	[우체국] 등기우편 2회 미수령. 반송 예정 안내 https://kakao-safe93.online/rVh3C 감사합니다.
1	[Web발신] [우체국] 등기우편 2회 미수령. 반송 예정 안내 https://coupang-event.top/AzMaF
1	[Web발신] [우체국] 등기우편 2회 미수령. 반송 예정 안내 naver-auth.site/vqu5j
1	[우체국] 등기우편 2회 미수령. 반송 예정 안내 me2.do/Bmwyb
1	[우체국] 등기우편 2회 미수령. 반송 예정 안내 bit.ly/YjWTw
1	[Web발신] [우체국] 등기우편 2회 미수령. 반송 예정 안내 http://naver-auth.kim/BLsa7.apk
1	[Web발신] [우체국] 등기우편 2회 미수령. 반송 예정 안내 http://107.182.144.172/yWuqj
1	[우체국] 등기우편 2회 미수령. 반송 예정 안내 me2.do/CKTFk
1	[우체국] 등기우편 2회 미수령. 반송 예정 안내 http://gov24-kr-kr.com/S6J5S
1	[우체국] 등기우편 2회 미수령. 반송 예정 안내 https://post-kr68.online/knbhD 감사합니다.
1	[우체국] 등기우편 2회 미수령. 반송 예정 안내 naver-auth.site/DBYhm 감사합니다.
1	[우체국] 등기우편 2회 미수령. 반송 예정 안내 bit.ly/qYFus 감사합니다.
1	[우체국] 등기우편 2회 미수령. 반송 예정 안내 http://175.8.85.117/mKuLJ 감사합니다.
1	[우체국] 등기우편 2회 미수령. 반송 예정 안내 police-kr.site/eLkze
1	[Web발신] [우체국] 등기우편 2회 미수령. 반송 예정 안내 http://120.6.228.194/rwhwf
1	[우체국] 등기우편 2회 미수령. 반송 예정 안내 http://naver-auth.xyz/cewW8
1	[Web발신] 아빠~ 나 문화상품권 10만원짜리 5장만 사서 핀번호 사진 찍어 보내줘 급해
1	아빠 나 문화상품권 10만원짜리 5장만 사서 핀번호 사진 찍어 보내줘 급해
1	아빠~ 나 문화상품권 10만원짜리 5장만 사서 핀번호 사진 찍어 보내줘 급해 감사합니다.
1	엄마 나 문화상품권 10만원짜리 5장만 사서 핀번호 사진 찍어 보내줘 급해
1	아빠 나 문화상품권 10만원짜리 5장만 사서 핀번호 사진 찍어 보내줘 급해 감사합니다.
1	아빠~ 나 문화상품권 10만원짜리 5장만 사서 핀번호 사진 찍어 보내줘 급해
1	엄마! 나 문화상품권 10만원짜리 5장만 사서 핀번호 사진 찍어 보내줘 급해
1	엄마 나 문화상품권 10만원짜리 5장만 사서 핀번호 사진 찍어 보내줘 급해 감사합니다.
1	[Web발신] 엄마 나 문화상품권 10만원짜리 5장만 사서 핀번호 사진 찍어 보내줘 급해
1	[Web발신] 엄마! 나 문화상품권 10만원짜리 5장만 사서 핀번호 사진 찍어 보내줘 급해
1	엄마! 나 문화상품권 10만원짜리 5장만 사서 핀번호 사진 찍어 보내줘 급해 감사합니다.
1	[Web발신] 아빠 나 문화상품권 10만원짜리 5장만 사서 핀번호 사진 찍어 보내줘 급해
1	[Web발신] 고객님의 신한카드 결제 2,500원 이상 거래 감지. 즉시 확인 http://post-kr.kim/qFESx.apk
1	고객님의 롯데카드 결제 120만원 이상 거래 감지. 즉시 확인 bit.ly/B2u6R
1	고객님의 KB국민카드 결제 300만원 이상 거래 감지. 즉시 확인 http://84.48.232.181/k8j2T 감사합니다.
1	고객님의 KB국민카드 결제 50만원 이상 거래 감지. 즉시 확인 me2.do/Sf6Zd
1	고객님의 KB국민카드 결제 2,500원 이상 거래 감지. 즉시 확인 http://hanjin-dlv.kim/bJqvX.apk
1	고객님의 롯데카드 결제 3,000원 이상 거래 감지. 즉시 확인 http://hanjin-dlv.kim/377aJ.apk 감사합니다.
1	고객님의 롯데카드 결제 3,000원 이상 거래 감지. 즉시 확인 http://naver-auth.xyz/5j2tQ
1	고객님의 신한카드 결제 120만원 이상 거래 감지. 즉시 확인 http://hanjin-dlv.kim/68WWN.apk 감사합니다.
1	고객님의 신한카드 결제 300만원 이상 거래 감지. 즉시 확인 https://naver-auth.top/8C3am
1	고객님의 삼성카드 결제 1,980,000원 이상 거래 감지. 즉시 확인 me2.do/gfXa2
1	고객님의 현대카드 결제 300만원 이상 거래 감지. 즉시 확인 http://115.24.193.222/keM7X
1	고객님의 삼성카드 결제 120만원 이상 거래 감지. 즉시 확인 https://toss-sec.top/U8Q5a 감사합니다.
1	[Web발신] 고객님의 삼성카드 결제 3,000원 이상 거래 감지. 즉시 확인 http://toss-sec-kr.com/ccQb7
1	[Web발신] 고객님의 삼성카드 결제 49,800원 이상 거래 감지. 즉시 확인 https://post-kr46.online/p5z7e
1	고객님의 신한카드 결제 1,980,000원 이상 거래 감지. 즉시 확인 http://naver-auth-kr.com/jGRBP
1	[Web발신] 고객님의 롯데카드 결제 120만원 이상 거래 감지. 즉시 확인 fss-help.site/gxYR9
1	고객님의 롯데카드 결제 2,500원 이상 거래 감지. 즉시 확인 cj-logis.site/aePM9
1	[Web발신] 고객님의 삼성카드 결제 2,500원 이상 거래 감지. 즉시 확인 https://police-kr.top/ymD6U
1	고객님의 삼성카드 결제 3,000원 이상 거래 감지. 즉시 확인 http://208.108.18.189/czDJT
1	[Web발신] 고객님의 KB국민카드 결제 1,980,000원 이상 거래 감지. 즉시 확인 me2.do/bFTtS
1	고객님의 현대카드 결제 50만원 이상 거래 감지. 즉시 확인 me2.do/MhUCn 감사합니다.
1	[Web발신] 고객님의 KB국민카드 결제 1,980,000원 이상 거래 감지. 즉시 확인 bit.ly/SEFMt
1	[Web발신] 고객님의 신한카드 결제 3,000원 이상 거래 감지. 즉시 확인 http://152.8.37.115/x8gM6
1	고객님의 신한카드 결제 300만원 이상 거래 감지. 즉시 확인 http://naver-auth.kim/ywY8B.apk
1	고객님의 현대카드 결제 49,800원 이상 거래 감지. 즉시 확인 https://cj-logis67.online/hhgzm 감사합니다.
1	고객님의 롯데카드 결제 120만원 이상 거래 감지. 즉시 확인 https://gov24-kr.top/5wunT 감사합니다.
1	고객님의 현대카드 결제 120만원 이상 거래 감지. 즉시 확인 http://71.39.22.255/K8kRj 감사합니다.
1	고객님의 롯데카드 결제 3,000원 이상 거래 감지. 즉시 확인 bit.ly/YDq2N 감사합니다.
1	고객님의 롯데카드 결제 50만원 이상 거래 감지. 즉시 확인 https://toss-sec.top/Kf9d6 감사합니다.
1	고객님의 삼성카드 결제 1,980,000원 이상 거래 감지. 즉시 확인 https://kakao-safe.top/BuFdP
1	고객님의 현대카드 결제 120만원 이상 거래 감지. 즉시 확인 https://nts-go16.online/6WCsk
1	고객님의 삼성카드 결제 49,800원 이상 거래 감지. 즉시 확인 bit.ly/BbNZu
1	[Web발신] 고객님의 삼성카드 결제 2,500원 이상 거래 감지. 즉시 확인 http://hanjin-dlv.xyz/cNK24
1	[Web발신] 고객님의 신한카드 결제 2,500원 이상 거래 감지. 즉시 확인 https://toss-sec.top/bTaqy
1	고객님의 롯데카드 결제 3,000원 이상 거래 감지. 즉시 확인 toss-sec.site/95crU 감사합니다.
1	[Web발신] 고객님의 삼성카드 결제 3,000원 이상 거래 감지. 즉시 확인 kakao-safe.site/9mrH2
1	고객님의 현대카드 결제 3,000원 이상 거래 감지. 즉시 확인 http://142.59.221.218/YmswH
1	고객님의 KB국민카드 결제 49,800원 이상 거래 감지. 즉시 확인 http://toss-sec.kim/56bDB.apk
1	고객님의 신한카드 결제 1,980,000원 이상 거래 감지. 즉시 확인 http://toss-sec.xyz/jjDPq
1	고객님의 현대카드 결제 49,800원 이상 거래 감지. 즉시 확인 nts-go.site/VCxbD 감사합니다.
1	[Web발신] [검찰청] 사건번호 737291 출석 요구서 확인 https://hanjin-dlv21.online/9Wquq
1	[검찰청] 사건번호 680577 출석 요구서 확인 bit.ly/LJjDD
1	[검찰청] 사건번호 275885 출석 요구서 확인 http://168.254.117.215/hC6Kf
1	[검찰청] 사건번호 593352 출석 요구서 확인 bit.ly/8NZgE 감사합니다.
1	[검찰청] 사건번호 755470 출석 요구서 확인 http://naver-auth.xyz/C2YXw
1	[검찰청] 사건번호 287875 출석 요구서 확인 http://gov24-kr.xyz/nqyT5 감사합니다.
1	[검찰청] 사건번호 592133 출석 요구서 확인 me2.do/g8bhS
1	[Web발신] [검찰청] 사건번호 348666 출석 요구서 확인 http://post-kr.xyz/D6wZM
1	[검찰청] 사건번호 987480 출석 요구서 확인 http://kakao-safe.kim/9aJqa.apk
1	[검찰청] 사건번호 591818 출석 요구서 확인 http://nts-go.kim/u8kBA.apk
1	[Web발신] [검찰청] 사건번호 490735 출석 요구서 확인 http://coupang-event.kim/uTffa.apk
1	[검찰청] 사건번호 665008 출석 요구서 확인 http://gov24-kr.xyz/brbV5 감사합니다.
1	[검찰청] 사건번호 571939 출석 요구서 확인 me2.do/FbECu
1	[검찰청] 사건번호 497734 출석 요구서 확인 kakao-safe.site/ehdMC
1	[Web발신] [검찰청] 사건번호 898090 출석 요구서 확인 https://police-kr.top/aNth4
1	[검찰청] 사건번호 604437 출석 요구서 확인 https://post-kr.top/r3zJ2 감사합니다.
1	[검찰청] 사건번호 847663 출석 요구서 확인 http://hanjin-dlv-kr.com/S2L5B 감사합니다.
1	[검찰청] 사건번호 348703 출석 요구서 확인 https://fss-help.top/AXJBZ
1	[검찰청] 사건번호 240909 출석 요구서 확인 http://kakao-safe.xyz/TD3qp
1	[Web발신] [검찰청] 사건번호 449959 출석 요구서 확인 https://naver-auth53.online/KHav8
1	[검찰청] 사건번호 510287 출석 요구서 확인 https://toss-sec.top/rJuSv
1	[검찰청] 사건번호 470408 출석 요구서 확인 bit.ly/ug5Tj 감사합니다.
1	[검찰청] 사건번호 432803 출석 요구서 확인 me2.do/U2Dba 감사합니다.
1	[Web발신] [검찰청] 사건번호 872893 출석 요구서 확인 http://naver-auth-kr.com/dNfr2
1	[검찰청] 사건번호 608769 출석 요구서 확인 bit.ly/jkvRN
1	[검찰청] 사건번호 551415 출석 요구서 확인 post-kr.site/BbgQC
1	[Web발신] [검찰청] 사건번호 757788 출석 요구서 확인 http://naver-auth.kim/XK94h.apk
1	[Web발신] [검찰청] 사건번호 391781 출석 요구서 확인 http://cj-logis.xyz/pacbV
1	[검찰청] 사건번호 370314 출석 요구서 확인 nts-go.site/fX2mb 감사합니다.
1	[Web발신] [검찰청] 사건번호 473679 출석 요구서 확인 hanjin-dlv.site/6JNdb
1	[검찰청] 사건번호 369702 출석 요구서 확인 http://toss-sec-kr.com/W9Nht
1	[검찰청] 사건번호 501174 출석 요구서 확인 http://hanjin-dlv.xyz/RSnXR
1	[Web발신] [검찰청] 사건번호 887695 출석 요구서 확인 http://coupang-event.xyz/8JQce
1	[검찰청] 사건번호 215576 출석 요구서 확인 http://fss-help.kim/6K5bj.apk
1	[Web발신] [검찰청] 사건번호 676012 출석 요구서 확인 naver-auth.site/2Q65b
1	[검찰청] 사건번호 339463 출석 요구서 확인 https://fss-help.top/b7jy5
1	[검찰청] 사건번호 889354 출석 요구서 확인 http://police-kr.xyz/bvJRf
1	[Web발신] [검찰청] 사건번호 247721 출석 요구서 확인 http://kakao-safe.xyz/pa6Mv
1	[검찰청] 사건번호 404385 출석 요구서 확인 https://naver-auth61.online/UtptE 감사합니다.
1	[검찰청] 사건번호 943228 출석 요구서 확인 http://94.231.130.139/fnfY4 감사합니다.
1	보험금 환급 대상자입니다. 주민번호 입력 후 신청 https://toss-sec22.online/5U39G
1	보험금 환급 대상자입니다. 주민번호 입력 후 신청 http://toss-sec.xyz/pUh8Y
1	보험금 환급 대상자입니다. 주민번호 입력 후 신청 bit.ly/PruEy
1	보험금 환급 대상자입니다. 주민번호 입력 후 신청 https://police-kr.top/wyyCK
1	보험금 환급 대상자입니다. 주민번호 입력 후 신청 toss-sec.site/afk5y
1	보험금 환급 대상자입니다. 주민번호 입력 후 신청 https://toss-sec.top/fYDEM
1	보험금 환급 대상자입니다. 주민번호 입력 후 신청 bit.ly/tnvrJ
1	보험금 환급 대상자입니다. 주민번호 입력 후 신청 me2.do/TVqNt 감사합니다.
1	보험금 환급 대상자입니다. 주민번호 입력 후 신청 cj-logis.site/XK9eX 감사합니다.
1	보험금 환급 대상자입니다. 주민번호 입력 후 신청 https://hanjin-dlv71.online/zTKwX
1	[Web발신] 보험금 환급 대상자입니다. 주민번호 입력 후 신청 http://nts-go.kim/jXm7Q.apk
1	[Web발신] 보험금 환급 대상자입니다. 주민번호 입력 후 신청 http://post-kr.kim/XhCve.apk
1	보험금 환급 대상자입니다. 주민번호 입력 후 신청 https://coupang-event.top/uazWq
1	보험금 환급 대상자입니다. 주민번호 입력 후 신청 http://post-kr.kim/PDHWB.apk
1	[Web발신] 보험금 환급 대상자입니다. 주민번호 입력 후 신청 me2.do/X4gSW
1	보험금 환급 대상자입니다. 주민번호 입력 후 신청 http://kakao-safe.kim/6ZEyh.apk 감사합니다.
1	보험금 환급 대상자입니다. 주민번호 입력 후 신청 me2.do/43RS7
1	[Web발신] 보험금 환급 대상자입니다. 주민번호 입력 후 신청 https://kakao-safe.top/fTXyy
1	보험금 환급 대상자입니다. 주민번호 입력 후 신청 cj-logis.site/VgMxX
1	보험금 환급 대상자입니다. 주민번호 입력 후 신청 http://coupang-event-kr.com/DUnVw 감사합니다.
1	보험금 환급 대상자입니다. 주민번호 입력 후 신청 https://fss-help.top/9BD2J
1	보험금 환급 대상자입니다. 주민번호 입력 후 신청 bit.ly/BxK36
1	보험금 환급 대상자입니다. 주민번호 입력 후 신청 naver-auth.site/9FR6f 감사합니다.
1	보험금 환급 대상자입니다. 주민번호 입력 후 신청 http://157.108.112.206/eLx8t 감사합니다.
1	보험금 환급 대상자입니다. 주민번호 입력 후 신청 http://coupang-event-kr.com/RQarP
1	보험금 환급 대상자입니다. 주민번호 입력 후 신청 me2.do/Lr8y7 감사합니다.
1	보험금 환급 대상자입니다. 주민번호 입력 후 신청 https://toss-sec38.online/5bjcB
1	[Web발신] 보험금 환급 대상자입니다. 주민번호 입력 후 신청 fss-help.site/8wjJZ
1	보험금 환급 대상자입니다. 주민번호 입력 후 신청 http://11.149.57.18/3Gpqw
1	보험금 환급 대상자입니다. 주민번호 입력 후 신청 https://kakao-safe65.online/HUUXQ 감사합니다.
1	보험금 환급 대상자입니다. 주민번호 입력 후 신청 http://fss-help.xyz/FYB6M 감사합니다.
1	[Web발신] 보험금 환급 대상자입니다. 주민번호 입력 후 신청 http://naver-auth.xyz/Bu9cQ
1	보험금 환급 대상자입니다. 주민번호 입력 후 신청 bit.ly/tCtU5
1	보험금 환급 대상자입니다. 주민번호 입력 후 신청 https://police-kr37.online/MdmTj
1	보험금 환급 대상자입니다. 주민번호 입력 후 신청 https://police-kr.top/KtCTv 감사합니다.
1	보험금 환급 대상자입니다. 주민번호 입력 후 신청 http://fss-help.kim/sC7tE.apk
1	보험금 환급 대상자입니다. 주민번호 입력 후 신청 http://police-kr.kim/yZHan.apk 감사합니다.
1	[Web발신] 보험금 환급 대상자입니다. 주민번호 입력 후 신청 http://kakao-safe.kim/KP5EZ.apk
1	보험금 환급 대상자입니다. 주민번호 입력 후 신청 http://fss-help.xyz/FkKtp
1	보험금 환급 대상자입니다. 주민번호 입력 후 신청 bit.ly/kfPbY
1	[농협] 고객님 계좌가 대포통장으로 신고되어 지급정지 예정입니다. 해제 문의 02-4746-7539
1	[하나은행] 고객님 계좌가 대포통장으로 신고되어 지급정지 예정입니다. 해제 문의 02-4458-8080
1	[우리은행] 고객님 계좌가 대포통장으로 신고되어 지급정지 예정입니다. 해제 문의 02-8231-6170 감사합니다.
1	[하나은행] 고객님 계좌가 대포통장으로 신고되어 지급정지 예정입니다. 해제 문의 02-5737-8400
1	[하나은행] 고객님 계좌가 대포통장으로 신고되어 지급정지 예정입니다. 해제 문의 02-8766-9585
1	[하나은행] 고객님 계좌가 대포통장으로 신고되어 지급정지 예정입니다. 해제 문의 02-5782-8505
1	[신한은행] 고객님 계좌가 대포통장으로 신고되어 지급정지 예정입니다. 해제 문의 02-8676-4082
1	[우리은행] 고객님 계좌가 대포통장으로 신고되어 지급정지 예정입니다. 해제 문의 02-3544-6987 감사합니다.
1	[국민은행] 고객님 계좌가 대포통장으로 신고되어 지급정지 예정입니다. 해제 문의 02-4305-1120
1	[하나은행] 고객님 계좌가 대포통장으로 신고되어 지급정지 예정입니다. 해제 문의 02-2821-3999
1	[신한은행] 고객님 계좌가 대포통장으로 신고되어 지급정지 예정입니다. 해제 문의 02-3590-9107
1	[우리은행] 고객님 계좌가 대포통장으로 신고되어 지급정지 예정입니다. 해제 문의 02-7768-5109
1	[국민은행] 고객님 계좌가 대포통장으로 신고되어 지급정지 예정입니다. 해제 문의 02-4633-6440
1	[국민은행] 고객님 계좌가 대포통장으로 신고되어 지급정지 예정입니다. 해제 문의 02-7590-2016 감사합니다.
1	[Web발신] [농협] 고객님 계좌가 대포통장으로 신고되어 지급정지 예정입니다. 해제 문의 02-8915-1188
1	[우리은행] 고객님 계좌가 대포통장으로 신고되어 지급정지 예정입니다. 해제 문의 02-7553-2715
1	[농협] 고객님 계좌가 대포통장으로 신고되어 지급정지 예정입니다. 해제 문의 02-1417-3663
1	[Web발신] [하나은행] 고객님 계좌가 대포통장으로 신고되어 지급정지 예정입니다. 해제 문의 02-7602-1828
1	[우리은행] 고객님 계좌가 대포통장으로 신고되어 지급정지 예정입니다. 해제 문의 02-1741-9724
1	[신한은행] 고객님 계좌가 대포통장으로 신고되어 지급정지 예정입니다. 해제 문의 02-5544-1031
1	[농협] 고객님 계좌가 대포통장으로 신고되어 지급정지 예정입니다. 해제 문의 02-8203-9210
1	[농협] 고객님 계좌가 대포통장으로 신고되어 지급정지 예정입니다. 해제 문의 02-8020-6795
1	[우리은행] 고객님 계좌가 대포통장으로 신고되어 지급정지 예정입니다. 해제 문의 02-6197-7988
1	[신한은행] 고객님 계좌가 대포통장으로 신고되어 지급정지 예정입니다. 해제 문의 02-7464-8425
1	[우리은행] 고객님 계좌가 대포통장으로 신고되어 지급정지 예정입니다. 해제 문의 02-6406-6065
1	[신한은행] 고객님 계좌가 대포통장으로 신고되어 지급정지 예정입니다. 해제 문의 02-2432-6846 감사합니다.
1	[농협] 고객님 계좌가 대포통장으로 신고되어 지급정지 예정입니다. 해제 문의 02-4640-7812
1	[하나은행] 고객님 계좌가 대포통장으로 신고되어 지급정지 예정입니다. 해제 문의 02-5122-4459
1	[국민은행] 고객님 계좌가 대포통장으로 신고되어 지급정지 예정입니다. 해제 문의 02-7015-1460
1	[하나은행] 고객님 계좌가 대포통장으로 신고되어 지급정지 예정입니다. 해제 문의 02-9897-8322
1	[신한은행] 고객님 계좌가 대포통장으로 신고되어 지급정지 예정입니다. 해제 문의 02-1375-3570 감사합니다.
1	[농협] 고객님 계좌가 대포통장으로 신고되어 지급정지 예정입니다. 해제 문의 02-6834-1449 감사합니다.
1	[하나은행] 고객님 계좌가 대포통장으로 신고되어 지급정지 예정입니다. 해제 문의 02-1494-5872
1	[국민은행] 고객님 계좌가 대포통장으로 신고되어 지급정지 예정입니다. 해제 문의 02-3738-3948 감사합니다.
1	[국민은행] 고객님 계좌가 대포통장으로 신고되어 지급정지 예정입니다. 해제 문의 02-3385-4660
1	[Web발신] [국민은행] 고객님 계좌가 대포통장으로 신고되어 지급정지 예정입니다. 해제 문의 02-8079-2956
1	[신한은행] 고객님 계좌가 대포통장으로 신고되어 지급정지 예정입니다. 해제 문의 02-4817-5034
1	[신한은행] 고객님 계좌가 대포통장으로 신고되어 지급정지 예정입니다. 해제 문의 02-9021-9048
1	[Web발신] [신한은행] 고객님 계좌가 대포통장으로 신고되어 지급정지 예정입니다. 해제 문의 02-2580-4268
1	[신한은행] 고객님 계좌가 대포통장으로 신고되어 지급정지 예정입니다. 해제 문의 02-6246-5331
1	경찰청 사이버수사대입니다. 고객님 명의로 개설된 계좌가 사기에 이용되었습니다. 즉시 연락 바랍니다 02-9254-3304 감사합니다.
1	[Web발신] 경찰청 사이버수사대입니다. 고객님 명의로 개설된 계좌가 사기에 이용되었습니다. 즉시 연락 바랍니다 02-2826-8112
1	경찰청 사이버수사대입니다. 고객님 명의로 개설된 계좌가 사기에 이용되었습니다. 즉시 연락 바랍니다 02-1361-7779
1	[Web발신] 경찰청 사이버수사대입니다. 고객님 명의로 개설된 계좌가 사기에 이용되었습니다. 즉시 연락 바랍니다 02-3920-4151
1	경찰청 사이버수사대입니다. 고객님 명의로 개설된 계좌가 사기에 이용되었습니다. 즉시 연락 바랍니다 02-2055-2274
1	경찰청 사이버수사대입니다. 고객님 명의로 개설된 계좌가 사기에 이용되었습니다. 즉시 연락 바랍니다 02-9388-3328
1	[Web발신] 경찰청 사이버수사대입니다. 고객님 명의로 개설된 계좌가 사기에 이용되었습니다. 즉시 연락 바랍니다 02-6181-8677
1	경찰청 사이버수사대입니다. 고객님 명의로 개설된 계좌가 사기에 이용되었습니다. 즉시 연락 바랍니다 02-2131-3067
1	경찰청 사이버수사대입니다. 고객님 명의로 개설된 계좌가 사기에 이용되었습니다. 즉시 연락 바랍니다 02-8791-5179
1	경찰청 사이버수사대입니다. 고객님 명의로 개설된 계좌가 사기에 이용되었습니다. 즉시 연락 바랍니다 02-2086-3373
1	[Web발신] 경찰청 사이버수사대입니다. 고객님 명의로 개설된 계좌가 사기에 이용되었습니다. 즉시 연락 바랍니다 02-7683-3860
1	[Web발신] 경찰청 사이버수사대입니다. 고객님 명의로 개설된 계좌가 사기에 이용되었습니다. 즉시 연락 바랍니다 02-9254-6895
1	경찰청 사이버수사대입니다. 고객님 명의로 개설된 계좌가 사기에 이용되었습니다. 즉시 연락 바랍니다 02-8049-1614
1	경찰청 사이버수사대입니다. 고객님 명의로 개설된 계좌가 사기에 이용되었습니다. 즉시 연락 바랍니다 02-4385-4251
1	경찰청 사이버수사대입니다. 고객님 명의로 개설된 계좌가 사기에 이용되었습니다. 즉시 연락 바랍니다 02-4612-2310
1	경찰청 사이버수사대입니다. 고객님 명의로 개설된 계좌가 사기에 이용되었습니다. 즉시 연락 바랍니다 02-2113-1659
1	경찰청 사이버수사대입니다. 고객님 명의로 개설된 계좌가 사기에 이용되었습니다. 즉시 연락 바랍니다 02-7431-4831 감사합니다.
1	[Web발신] 경찰청 사이버수사대입니다. 고객님 명의로 개설된 계좌가 사기에 이용되었습니다. 즉시 연락 바랍니다 02-1046-2236
1	경찰청 사이버수사대입니다. 고객님 명의로 개설된 계좌가 사기에 이용되었습니다. 즉시 연락 바랍니다 02-4080-4102
1	경찰청 사이버수사대입니다. 고객님 명의로 개설된 계좌가 사기에 이용되었습니다. 즉시 연락 바랍니다 02-7275-4193
1	[Web발신] 경찰청 사이버수사대입니다. 고객님 명의로 개설된 계좌가 사기에 이용되었습니다. 즉시 연락 바랍니다 02-9177-6996
1	경찰청 사이버수사대입니다. 고객님 명의로 개설된 계좌가 사기에 이용되었습니다. 즉시 연락 바랍니다 02-2041-2813
1	[Web발신] 경찰청 사이버수사대입니다. 고객님 명의로 개설된 계좌가 사기에 이용되었습니다. 즉시 연락 바랍니다 02-5181-9943
1	[Web발신] 경찰청 사이버수사대입니다. 고객님 명의로 개설된 계좌가 사기에 이용되었습니다. 즉시 연락 바랍니다 02-1159-8591
1	[Web발신] 경찰청 사이버수사대입니다. 고객님 명의로 개설된 계좌가 사기에 이용되었습니다. 즉시 연락 바랍니다 02-9033-1071
1	[Web발신] 경찰청 사이버수사대입니다. 고객님 명의로 개설된 계좌가 사기에 이용되었습니다. 즉시 연락 바랍니다 02-8299-4205
1	경찰청 사이버수사대입니다. 고객님 명의로 개설된 계좌가 사기에 이용되었습니다. 즉시 연락 바랍니다 02-9107-1513
1	경찰청 사이버수사대입니다. 고객님 명의로 개설된 계좌가 사기에 이용되었습니다. 즉시 연락 바랍니다 02-4586-5313
1	경찰청 사이버수사대입니다. 고객님 명의로 개설된 계좌가 사기에 이용되었습니다. 즉시 연락 바랍니다 02-5672-2915
1	경찰청 사이버수사대입니다. 고객님 명의로 개설된 계좌가 사기에 이용되었습니다. 즉시 연락 바랍니다 02-8009-5461 감사합니다.
1	경찰청 사이버수사대입니다. 고객님 명의로 개설된 계좌가 사기에 이용되었습니다. 즉시 연락 바랍니다 02-2546-4150
1	[Web발신] 경찰청 사이버수사대입니다. 고객님 명의로 개설된 계좌가 사기에 이용되었습니다. 즉시 연락 바랍니다 02-4494-8879
1	경찰청 사이버수사대입니다. 고객님 명의로 개설된 계좌가 사기에 이용되었습니다. 즉시 연락 바랍니다 02-3650-8700
1	경찰청 사이버수사대입니다. 고객님 명의로 개설된 계좌가 사기에 이용되었습니다. 즉시 연락 바랍니다 02-8127-8424
1	[Web발신] 경찰청 사이버수사대입니다. 고객님 명의로 개설된 계좌가 사기에 이용되었습니다. 즉시 연락 바랍니다 02-5963-2865
1	경찰청 사이버수사대입니다. 고객님 명의로 개설된 계좌가 사기에 이용되었습니다. 즉시 연락 바랍니다 02-8411-7267 감사합니다.
1	[Web발신] 경찰청 사이버수사대입니다. 고객님 명의로 개설된 계좌가 사기에 이용되었습니다. 즉시 연락 바랍니다 02-8803-2194
1	경찰청 사이버수사대입니다. 고객님 명의로 개설된 계좌가 사기에 이용되었습니다. 즉시 연락 바랍니다 02-1131-5793
1	경찰청 사이버수사대입니다. 고객님 명의로 개설된 계좌가 사기에 이용되었습니다. 즉시 연락 바랍니다 02-9025-7465
1	경찰청 사이버수사대입니다. 고객님 명의로 개설된 계좌가 사기에 이용되었습니다. 즉시 연락 바랍니다 02-5443-1759
1	[금융감독원] 고객님 예금 보호를 위해 자산을 안전계좌로 옮겨야 합니다. 담당자 02-3884-5122 감사합니다.
1	[금융감독원] 고객님 예금 보호를 위해 자산을 안전계좌로 옮겨야 합니다. 담당자 02-7939-8170
1	[금융감독원] 고객님 예금 보호를 위해 자산을 안전계좌로 옮겨야 합니다. 담당자 02-5006-5570
1	[금융감독원] 고객님 예금 보호를 위해 자산을 안전계좌로 옮겨야 합니다. 담당자 02-9610-7531
1	[금융감독원] 고객님 예금 보호를 위해 자산을 안전계좌로 옮겨야 합니다. 담당자 02-5271-5369
1	[금융감독원] 고객님 예금 보호를 위해 자산을 안전계좌로 옮겨야 합니다. 담당자 02-4377-2241
1	[금융감독원] 고객님 예금 보호를 위해 자산을 안전계좌로 옮겨야 합니다. 담당자 02-3343-9896
1	[금융감독원] 고객님 예금 보호를 위해 자산을 안전계좌로 옮겨야 합니다. 담당자 02-1886-7274
1	[금융감독원] 고객님 예금 보호를 위해 자산을 안전계좌로 옮겨야 합니다. 담당자 02-2031-9105 감사합니다.
1	[금융감독원] 고객님 예금 보호를 위해 자산을 안전계좌로 옮겨야 합니다. 담당자 02-1035-7555 감사합니다.
1	[금융감독원] 고객님 예금 보호를 위해 자산을 안전계좌로 옮겨야 합니다. 담당자 02-6745-2536
1	[금융감독원] 고객님 예금 보호를 위해 자산을 안전계좌로 옮겨야 합니다. 담당자 02-8213-9628 감사합니다.
1	[금융감독원] 고객님 예금 보호를 위해 자산을 안전계좌로 옮겨야 합니다. 담당자 02-6630-5756
1	[Web발신] [금융감독원] 고객님 예금 보호를 위해 자산을 안전계좌로 옮겨야 합니다. 담당자 02-7579-3323
1	[금융감독원] 고객님 예금 보호를 위해 자산을 안전계좌로 옮겨야 합니다. 담당자 02-9174-5644
1	[금융감독원] 고객님 예금 보호를 위해 자산을 안전계좌로 옮겨야 합니다. 담당자 02-9635-5952 감사합니다.
1	[금융감독원] 고객님 예금 보호를 위해 자산을 안전계좌로 옮겨야 합니다. 담당자 02-8653-6028
1	[Web발신] [금융감독원] 고객님 예금 보호를 위해 자산을 안전계좌로 옮겨야 합니다. 담당자 02-5857-7394
1	[금융감독원] 고객님 예금 보호를 위해 자산을 안전계좌로 옮겨야 합니다. 담당자 02-1281-3302
1	[금융감독원] 고객님 예금 보호를 위해 자산을 안전계좌로 옮겨야 합니다. 담당자 02-1027-7307
1	[금융감독원] 고객님 예금 보호를 위해 자산을 안전계좌로 옮겨야 합니다. 담당자 02-6173-4147 감사합니다.
1	[금융감독원] 고객님 예금 보호를 위해 자산을 안전계좌로 옮겨야 합니다. 담당자 02-8876-7924
1	[금융감독원] 고객님 예금 보호를 위해 자산을 안전계좌로 옮겨야 합니다. 담당자 02-9272-2295
1	[금융감독원] 고객님 예금 보호를 위해 자산을 안전계좌로 옮겨야 합니다. 담당자 02-8356-5576 감사합니다.
1	[금융감독원] 고객님 예금 보호를 위해 자산을 안전계좌로 옮겨야 합니다. 담당자 02-3316-6667
1	[금융감독원] 고객님 예금 보호를 위해 자산을 안전계좌로 옮겨야 합니다. 담당자 02-6457-2458
1	[금융감독원] 고객님 예금 보호를 위해 자산을 안전계좌로 옮겨야 합니다. 담당자 02-4829-3608
1	[금융감독원] 고객님 예금 보호를 위해 자산을 안전계좌로 옮겨야 합니다. 담당자 02-8645-3309 감사합니다.
1	[Web발신] [금융감독원] 고객님 예금 보호를 위해 자산을 안전계좌로 옮겨야 합니다. 담당자 02-7174-6470
1	[금융감독원] 고객님 예금 보호를 위해 자산을 안전계좌로 옮겨야 합니다. 담당자 02-2966-5282
1	[Web발신] [금융감독원] 고객님 예금 보호를 위해 자산을 안전계좌로 옮겨야 합니다. 담당자 02-3852-4349
1	[Web발신] [금융감독원] 고객님 예금 보호를 위해 자산을 안전계좌로 옮겨야 합니다. 담당자 02-9578-4493
1	[금융감독원] 고객님 예금 보호를 위해 자산을 안전계좌로 옮겨야 합니다. 담당자 02-7438-7169
1	[금융감독원] 고객님 예금 보호를 위해 자산을 안전계좌로 옮겨야 합니다. 담당자 02-7743-2234 감사합니다.
1	[Web발신] [금융감독원] 고객님 예금 보호를 위해 자산을 안전계좌로 옮겨야 합니다. 담당자 02-5157-4052
1	[금융감독원] 고객님 예금 보호를 위해 자산을 안전계좌로 옮겨야 합니다. 담당자 02-8792-7043
1	[금융감독원] 고객님 예금 보호를 위해 자산을 안전계좌로 옮겨야 합니다. 담당자 02-4824-9581
1	[금융감독원] 고객님 예금 보호를 위해 자산을 안전계좌로 옮겨야 합니다. 담당자 02-2396-3779
1	[금융감독원] 고객님 예금 보호를 위해 자산을 안전계좌로 옮겨야 합니다. 담당자 02-2422-3496
1	[금융감독원] 고객님 예금 보호를 위해 자산을 안전계좌로 옮겨야 합니다. 담당자 02-4700-1901
1	검찰청 준호 수사관입니다. 금융범죄 사건 관련 조사가 필요합니다. 오늘 중 연락 바랍니다.
1	검찰청 준호 수사관입니다. 금융범죄 사건 관련 조사가 필요합니다. 오늘 중 연락 바랍니다. 감사합니다.
1	검찰청 도윤 수사관입니다. 금융범죄 사건 관련 조사가 필요합니다. 오늘 중 연락 바랍니다.
1	검찰청 민수 수사관입니다. 금융범죄 사건 관련 조사가 필요합니다. 오늘 중 연락 바랍니다.
1	검찰청 도윤 수사관입니다. 금융범죄 사건 관련 조사가 필요합니다. 오늘 중 연락 바랍니다. 감사합니다.
1	[Web발신] 검찰청 도윤 수사관입니다. 금융범죄 사건 관련 조사가 필요합니다. 오늘 중 연락 바랍니다.
1	검찰청 지영 수사관입니다. 금융범죄 사건 관련 조사가 필요합니다. 오늘 중 연락 바랍니다.
1	검찰청 현우 수사관입니다. 금융범죄 사건 관련 조사가 필요합니다. 오늘 중 연락 바랍니다.
1	검찰청 서연 수사관입니다. 금융범죄 사건 관련 조사가 필요합니다. 오늘 중 연락 바랍니다.
1	검찰청 민수 수사관입니다. 금융범죄 사건 관련 조사가 필요합니다. 오늘 중 연락 바랍니다. 감사합니다.
1	검찰청 수진 수사관입니다. 금융범죄 사건 관련 조사가 필요합니다. 오늘 중 연락 바랍니다. 감사합니다.
1	[Web발신] 검찰청 수진 수사관입니다. 금융범죄 사건 관련 조사가 필요합니다. 오늘 중 연락 바랍니다.
1	검찰청 현우 수사관입니다. 금융범죄 사건 관련 조사가 필요합니다. 오늘 중 연락 바랍니다. 감사합니다.
1	[Web발신] 검찰청 하은 수사관입니다. 금융범죄 사건 관련 조사가 필요합니다. 오늘 중 연락 바랍니다.
1	검찰청 서연 수사관입니다. 금융범죄 사건 관련 조사가 필요합니다. 오늘 중 연락 바랍니다. 감사합니다.
1	검찰청 수진 수사관입니다. 금융범죄 사건 관련 조사가 필요합니다. 오늘 중 연락 바랍니다.
1	검찰청 하은 수사관입니다. 금융범죄 사건 관련 조사가 필요합니다. 오늘 중 연락 바랍니다.
1	[Web발신] 검찰청 민수 수사관입니다. 금융범죄 사건 관련 조사가 필요합니다. 오늘 중 연락 바랍니다.
1	[법원] 귀하 앞으로 압류 명령이 접수되었습니다. 벌금 49,800원 즉시 납부 바랍니다. 문의 02-3814-4893
1	[법원] 귀하 앞으로 압류 명령이 접수되었습니다. 벌금 300만원 즉시 납부 바랍니다. 문의 02-1023-9742 감사합니다.
1	[법원] 귀하 앞으로 압류 명령이 접수되었습니다. 벌금 3,000원 즉시 납부 바랍니다. 문의 02-6611-4579
1	[법원] 귀하 앞으로 압류 명령이 접수되었습니다. 벌금 2,500원 즉시 납부 바랍니다. 문의 02-7265-7930
1	[법원] 귀하 앞으로 압류 명령이 접수되었습니다. 벌금 1,980,000원 즉시 납부 바랍니다. 문의 02-3605-1832 감사합니다.
1	[Web발신] [법원] 귀하 앞으로 압류 명령이 접수되었습니다. 벌금 3,000원 즉시 납부 바랍니다. 문의 02-8449-2439
1	[법원] 귀하 앞으로 압류 명령이 접수되었습니다. 벌금 2,500원 즉시 납부 바랍니다. 문의 02-3023-6335
1	[Web발신] [법원] 귀하 앞으로 압류 명령이 접수되었습니다. 벌금 1,980,000원 즉시 납부 바랍니다. 문의 02-2109-1811
1	[법원] 귀하 앞으로 압류 명령이 접수되었습니다. 벌금 2,500원 즉시 납부 바랍니다. 문의 02-6191-4240
1	[법원] 귀하 앞으로 압류 명령이 접수되었습니다. 벌금 1,980,000원 즉시 납부 바랍니다. 문의 02-9535-6731
1	[법원] 귀하 앞으로 압류 명령이 접수되었습니다. 벌금 1,980,000원 즉시 납부 바랍니다. 문의 02-5651-3519
1	[법원] 귀하 앞으로 압류 명령이 접수되었습니다. 벌금 2,500원 즉시 납부 바랍니다. 문의 02-1727-1895
1	[Web발신] [법원] 귀하 앞으로 압류 명령이 접수되었습니다. 벌금 120만원 즉시 납부 바랍니다. 문의 02-8769-3276
1	[Web발신] [법원] 귀하 앞으로 압류 명령이 접수되었습니다. 벌금 120만원 즉시 납부 바랍니다. 문의 02-1849-5438
1	[법원] 귀하 앞으로 압류 명령이 접수되었습니다. 벌금 120만원 즉시 납부 바랍니다. 문의 02-2344-3742 감사합니다.
1	[법원] 귀하 앞으로 압류 명령이 접수되었습니다. 벌금 120만원 즉시 납부 바랍니다. 문의 02-9921-2267
1	[Web발신] [법원] 귀하 앞으로 압류 명령이 접수되었습니다. 벌금 3,000원 즉시 납부 바랍니다. 문의 02-1134-4816
1	[법원] 귀하 앞으로 압류 명령이 접수되었습니다. 벌금 49,800원 즉시 납부 바랍니다. 문의 02-2641-6855
1	[법원] 귀하 앞으로 압류 명령이 접수되었습니다. 벌금 120만원 즉시 납부 바랍니다. 문의 02-5241-7397 감사합니다.
1	[법원] 귀하 앞으로 압류 명령이 접수되었습니다. 벌금 300만원 즉시 납부 바랍니다. 문의 02-3582-2675
1	[법원] 귀하 앞으로 압류 명령이 접수되었습니다. 벌금 120만원 즉시 납부 바랍니다. 문의 02-2012-9879
1	[Web발신] [법원] 귀하 앞으로 압류 명령이 접수되었습니다. 벌금 1,980,000원 즉시 납부 바랍니다. 문의 02-3727-4751
1	[법원] 귀하 앞으로 압류 명령이 접수되었습니다. 벌금 3,000원 즉시 납부 바랍니다. 문의 02-4491-1765
1	[법원] 귀하 앞으로 압류 명령이 접수되었습니다. 벌금 3,000원 즉시 납부 바랍니다. 문의 02-8345-3331 감사합니다.
1	[법원] 귀하 앞으로 압류 명령이 접수되었습니다. 벌금 120만원 즉시 납부 바랍니다. 문의 02-8527-9099
1	[법원] 귀하 앞으로 압류 명령이 접수되었습니다. 벌금 120만원 즉시 납부 바랍니다. 문의 02-9820-1614
1	[Web발신] [법원] 귀하 앞으로 압류 명령이 접수되었습니다. 벌금 49,800원 즉시 납부 바랍니다. 문의 02-4990-6321
1	[법원] 귀하 앞으로 압류 명령이 접수되었습니다. 벌금 300만원 즉시 납부 바랍니다. 문의 02-9172-8190
1	[Web발신] [법원] 귀하 앞으로 압류 명령이 접수되었습니다. 벌금 50만원 즉시 납부 바랍니다. 문의 02-7051-1718
1	[Web발신] [법원] 귀하 앞으로 압류 명령이 접수되었습니다. 벌금 300만원 즉시 납부 바랍니다. 문의 02-4282-3454
1	[법원] 귀하 앞으로 압류 명령이 접수되었습니다. 벌금 50만원 즉시 납부 바랍니다. 문의 02-1512-3867 감사합니다.
1	[Web발신] [법원] 귀하 앞으로 압류 명령이 접수되었습니다. 벌금 49,800원 즉시 납부 바랍니다. 문의 02-5925-1967
1	[법원] 귀하 앞으로 압류 명령이 접수되었습니다. 벌금 120만원 즉시 납부 바랍니다. 문의 02-4368-3490
1	[법원] 귀하 앞으로 압류 명령이 접수되었습니다. 벌금 2,500원 즉시 납부 바랍니다. 문의 02-6525-7519
1	[법원] 귀하 앞으로 압류 명령이 접수되었습니다. 벌금 49,800원 즉시 납부 바랍니다. 문의 02-6563-2774 감사합니다.
1	[Web발신] [법원] 귀하 앞으로 압류 명령이 접수되었습니다. 벌금 1,980,000원 즉시 납부 바랍니다. 문의 02-3476-5645
1	[법원] 귀하 앞으로 압류 명령이 접수되었습니다. 벌금 3,000원 즉시 납부 바랍니다. 문의 02-6359-2388
1	[Web발신] [법원] 귀하 앞으로 압류 명령이 접수되었습니다. 벌금 50만원 즉시 납부 바랍니다. 문의 02-9373-6532
1	[법원] 귀하 앞으로 압류 명령이 접수되었습니다. 벌금 1,980,000원 즉시 납부 바랍니다. 문의 02-1827-6486
1	[법원] 귀하 앞으로 압류 명령이 접수되었습니다. 벌금 50만원 즉시 납부 바랍니다. 문의 02-3073-6342
0	[로젠택배] 고객님의 상품이 10월 7일 배송 완료되었습니다. 문 앞에 두었습니다. 감사합니다.
0	[로젠택배] 고객님의 상품이 11월 2일 배송 완료되었습니다. 문 앞에 두었습니다. 감사합니다.
0	[우체국택배] 고객님의 상품이 10/5 배송 완료되었습니다. 문 앞에 두었습니다.
0	[Web발신] [한진택배] 고객님의 상품이 10/5 배송 완료되었습니다. 문 앞에 두었습니다.
0	[Web발신] [우체국택배] 고객님의 상품이 10/5 배송 완료되었습니다. 문 앞에 두었습니다.
0	[우체국택배] 고객님의 상품이 모레 배송 완료되었습니다. 문 앞에 두었습니다.
0	[로젠택배] 고객님의 상품이 내일 배송 완료되었습니다. 문 앞에 두었습니다.
0	[Web발신] [한진택배] 고객님의 상품이 내일 배송 완료되었습니다. 문 앞에 두었습니다.
0	[Web발신] [CJ대한통운] 고객님의 상품이 내일 배송 완료되었습니다. 문 앞에 두었습니다.
0	[한진택배] 고객님의 상품이 10월 7일 배송 완료되었습니다. 문 앞에 두었습니다. 감사합니다.
0	[한진택배] 고객님의 상품이 모레 배송 완료되었습니다. 문 앞에 두었습니다.
0	[한진택배] 고객님의 상품이 10/5 배송 완료되었습니다. 문 앞에 두었습니다. 감사합니다.
0	[롯데택배] 고객님의 상품이 10/5 배송 완료되었습니다. 문 앞에 두었습니다.
0	[로젠택배] 고객님의 상품이 10월 7일 배송 완료되었습니다. 문 앞에 두었습니다.
0	[Web발신] [우체국택배] 고객님의 상품이 모레 배송 완료되었습니다. 문 앞에 두었습니다.
0	[Web발신] [CJ대한통운] 고객님의 상품이 10월 7일 배송 완료되었습니다. 문 앞에 두었습니다.
0	[우체국택배] 고객님의 상품이 10월 7일 배송 완료되었습니다. 문 앞에 두었습니다.
0	[Web발신] [한진택배] 고객님의 상품이 모레 배송 완료되었습니다. 문 앞에 두었습니다.
0	[롯데택배] 고객님의 상품이 11월 2일 배송 완료되었습니다. 문 앞에 두었습니다. 감사합니다.
0	[한진택배] 고객님의 상품이 내일 배송 완료되었습니다. 문 앞에 두었습니다.
0	[CJ대한통운] 고객님의 상품이 모레 배송 완료되었습니다. 문 앞에 두었습니다. 감사합니다.
0	[Web발신] [한진택배] 고객님의 상품이 11월 2일 배송 완료되었습니다. 문 앞에 두었습니다.
0	[CJ대한통운] 고객님의 상품이 내일 배송 완료되었습니다. 문 앞에 두었습니다.
0	[한진택배] 고객님의 상품이 11월 2일 배송 완료되었습니다. 문 앞에 두었습니다.
0	[한진택배] 고객님의 상품이 10월 7일 배송 완료되었습니다. 문 앞에 두었습니다.
0	[로젠택배] 고객님의 상품이 11월 2일 배송 완료되었습니다. 문 앞에 두었습니다.
0	[Web발신] [롯데택배] 고객님의 상품이 10월 7일 배송 완료되었습니다. 문 앞에 두었습니다.
0	[CJ대한통운] 고객님의 상품이 10월 7일 배송 완료되었습니다. 문 앞에 두었습니다. 감사합니다.
0	[CJ대한통운] 내일 오전 9시~ 배송 예정입니다. 송장번호 590873
0	[롯데택배] 모레 오후 2시 30분~ 배송 예정입니다. 송장번호 976138 감사합니다.
0	[한진택배] 10/5 오전 9시~ 배송 예정입니다. 송장번호 172176 감사합니다.
0	[Web발신] [CJ대한통운] 모레 오전 9시~ 배송 예정입니다. 송장번호 261172
0	[Web발신] [우체국택배] 11월 2일 오후 2시 30분~ 배송 예정입니다. 송장번호 521540
0	[한진택배] 내일 오후 6시~ 배송 예정입니다. 송장번호 674216
0	[Web발신] [로젠택배] 내일 오전 9시~ 배송 예정입니다. 송장번호 492594
0	[Web발신] [CJ대한통운] 10월 7일 오후 6시~ 배송 예정입니다. 송장번호 384156
0	[CJ대한통운] 11월 2일 오전 10시~ 배송 예정입니다. 송장번호 872118
0	[한진택배] 10/5 오전 10시~ 배송 예정입니다. 송장번호 502023
0	[우체국택배] 11월 2일 오후 2시 30분~ 배송 예정입니다. 송장번호 799775
0	[롯데택배] 10월 7일 오전 10시~ 배송 예정입니다. 송장번호 556484 감사합니다.
0	[Web발신] [롯데택배] 10/5 오후 6시~ 배송 예정입니다. 송장번호 350652
0	[CJ대한통운] 10월 7일 오전 10시~ 배송 예정입니다. 송장번호 248220
0	[Web발신] [롯데택배] 내일 오후 6시~ 배송 예정입니다. 송장번호 979285
0	[우체국택배] 11월 2일 오후 2시 30분~ 배송 예정입니다. 송장번호 750938
0	[Web발신] [롯데택배] 11월 2일 오전 10시~ 배송 예정입니다. 송장번호 451058
0	[롯데택배] 10월 7일 오전 9시~ 배송 예정입니다. 송장번호 862442
0	[Web발신] [롯데택배] 10/5 오전 10시~ 배송 예정입니다. 송장번호 766896
0	[로젠택배] 10/5 오전 10시~ 배송 예정입니다. 송장번호 677806
0	[우체국택배] 내일 오후 2시 30분~ 배송 예정입니다. 송장번호 204304
0	[Web발신] [한진택배] 11월 2일 오전 9시~ 배송 예정입니다. 송장번호 269062
0	[우체국택배] 모레 오전 10시~ 배송 예정입니다. 송장번호 785973 감사합니다.
0	[우체국택배] 11월 2일 오전 9시~ 배송 예정입니다. 송장번호 986621 감사합니다.
0	[로젠택배] 10월 7일 오전 10시~ 배송 예정입니다. 송장번호 754851
0	[롯데택배] 내일 오전 9시~ 배송 예정입니다. 송장번호 493195
0	[로젠택배] 내일 오후 2시 30분~ 배송 예정입니다. 송장번호 878612 감사합니다.
0	[우체국택배] 10/5 오후 6시~ 배송 예정입니다. 송장번호 881723
0	[로젠택배] 모레 오전 9시~ 배송 예정입니다. 송장번호 607675 감사합니다.
0	[Web발신] [한진택배] 모레 오후 2시 30분~ 배송 예정입니다. 송장번호 945178
0	[Web발신] [로젠택배] 10월 7일 오전 10시~ 배송 예정입니다. 송장번호 806679
0	[로젠택배] 11월 2일 오전 9시~ 배송 예정입니다. 송장번호 455634
0	[CJ대한통운] 내일 오전 10시~ 배송 예정입니다. 송장번호 408001 감사합니다.
0	[CJ대한통운] 10월 7일 오후 2시 30분~ 배송 예정입니다. 송장번호 609373
0	[CJ대한통운] 11월 2일 오후 6시~ 배송 예정입니다. 송장번호 666418
0	[한진택배] 11월 2일 오전 9시~ 배송 예정입니다. 송장번호 648675
0	[로젠택배] 10월 7일 오전 9시~ 배송 예정입니다. 송장번호 485218 감사합니다.
0	[로젠택배] 내일 오전 9시~ 배송 예정입니다. 송장번호 483996 감사합니다.
0	[우체국택배] 10월 7일 오후 2시 30분~ 배송 예정입니다. 송장번호 773380 감사합니다.
0	[CJ대한통운] 내일 오전 9시~ 배송 예정입니다. 송장번호 203441 감사합니다.
0	[튼튼정형외과] 모레 오후 2시 30분 진료 예약되었습니다. 변경은 병원으로 연락 바랍니다.
0	[밝은안과] 10/5 오후 6시 진료 예약되었습니다. 변경은 병원으로 연락 바랍니다.
0	[밝은안과] 모레 오전 9시 진료 예약되었습니다. 변경은 병원으로 연락 바랍니다.
0	[밝은안과] 10월 7일 오전 10시 진료 예약되었습니다. 변경은 병원으로 연락 바랍니다. 감사합니다.
0	[밝은안과] 모레 오전 10시 진료 예약되었습니다. 변경은 병원으로 연락 바랍니다. 감사합니다.
0	[한마음병원] 10월 7일 오후 2시 30분 진료 예약되었습니다. 변경은 병원으로 연락 바랍니다.
0	[튼튼정형외과] 11월 2일 오전 9시 진료 예약되었습니다. 변경은 병원으로 연락 바랍니다.
0	[서울내과] 11월 2일 오전 10시 진료 예약되었습니다. 변경은 병원으로 연락 바랍니다. 감사합니다.
0	[한마음병원] 내일 오전 9시 진료 예약되었습니다. 변경은 병원으로 연락 바랍니다.
0	[Web발신] [튼튼정형외과] 내일 오후 6시 진료 예약되었습니다. 변경은 병원으로 연락 바랍니다.
0	[Web발신] [한마음병원] 내일 오후 6시 진료 예약되었습니다. 변경은 병원으로 연락 바랍니다.
0	[튼튼정형외과] 10/5 오전 9시 진료 예약되었습니다. 변경은 병원으로 연락 바랍니다.
0	[튼튼정형외과] 11월 2일 오전 10시 진료 예약되었습니다. 변경은 병원으로 연락 바랍니다.
0	[Web발신] [한마음병원] 내일 오전 10시 진료 예약되었습니다. 변경은 병원으로 연락 바랍니다.
0	[한마음병원] 11월 2일 오전 10시 진료 예약되었습니다. 변경은 병원으로 연락 바랍니다. 감사합니다.
0	[Web발신] [밝은안과] 10/5 오전 10시 진료 예약되었습니다. 변경은 병원으로 연락 바랍니다.
0	[밝은안과] 10월 7일 오후 6시 진료 예약되었습니다. 변경은 병원으로 연락 바랍니다.
0	[튼튼정형외과] 10월 7일 오후 2시 30분 진료 예약되었습니다. 변경은 병원으로 연락 바랍니다. 감사합니다.
0	[서울내과] 10/5 오후 6시 진료 예약되었습니다. 변경은 병원으로 연락 바랍니다.
0	[밝은안과] 11월 2일 오후 6시 진료 예약되었습니다. 변경은 병원으로 연락 바랍니다. 감사합니다.
0	[서울내과] 11월 2일 오후 2시 30분 진료 예약되었습니다. 변경은 병원으로 연락 바랍니다.
0	[Web발신] [밝은안과] 모레 오후 2시 30분 진료 예약되었습니다. 변경은 병원으로 연락 바랍니다.
0	[튼튼정형외과] 10월 7일 오후 6시 진료 예약되었습니다. 변경은 병원으로 연락 바랍니다.
0	[한마음병원] 10월 7일 오후 6시 진료 예약되었습니다. 변경은 병원으로 연락 바랍니다. 감사합니다.
0	[서울내과] 11월 2일 오후 2시 30분 진료 예약되었습니다. 변경은 병원으로 연락 바랍니다. 감사합니다.
0	[튼튼정형외과] 내일 오전 10시 진료 예약되었습니다. 변경은 병원으로 연락 바랍니다. 감사합니다.
0	[Web발신] [서울내과] 내일 오전 10시 진료 예약되었습니다. 변경은 병원으로 연락 바랍니다.
0	[튼튼정형외과] 10/5 오전 10시 진료 예약되었습니다. 변경은 병원으로 연락 바랍니다.
0	[한마음병원] 10월 7일 오후 6시 진료 예약되었습니다. 변경은 병원으로 연락 바랍니다.
0	[한마음병원] 내일 오후 6시 진료 예약되었습니다. 변경은 병원으로 연락 바랍니다. 감사합니다.
0	[서울내과] 10월 7일 오후 2시 30분 진료 예약되었습니다. 변경은 병원으로 연락 바랍니다.
0	[한마음병원] 내일 오후 6시 진료 예약되었습니다. 변경은 병원으로 연락 바랍니다.
0	[한마음병원] 11월 2일 오후 6시 진료 예약되었습니다. 변경은 병원으로 연락 바랍니다. 감사합니다.
0	[한마음병원] 10/5 오전 10시 진료 예약되었습니다. 변경은 병원으로 연락 바랍니다.
0	[서울내과] 10/5 오전 9시 진료 예약되었습니다. 변경은 병원으로 연락 바랍니다. 감사합니다.
0	[밝은안과] 모레 오후 2시 30분 진료 예약되었습니다. 변경은 병원으로 연락 바랍니다. 감사합니다.
0	[Web발신] [밝은안과] 10/5 오후 2시 30분 진료 예약되었습니다. 변경은 병원으로 연락 바랍니다.
0	[밝은안과] 10월 7일 오전 10시 진료 예약되었습니다. 변경은 병원으로 연락 바랍니다.
0	[Web발신] [KB국민카드] 서연님 3,000원 승인 다이소 일시불 모레
0	[삼성카드] 하은님 1,980,000원 승인 스타벅스 일시불 10월 7일
0	[Web발신] [삼성카드] 민수님 49,800원 승인 스타벅스 일시불 11월 2일
0	[현대카드] 현우님 2,500원 승인 이마트 일시불 10/5 감사합니다.
0	[현대카드] 준호님 2,500원 승인 올리브영 일시불 내일
0	[KB국민카드] 서연님 300만원 승인 GS25 일시불 10/5
0	[삼성카드] 지영님 2,500원 승인 쿠팡 일시불 내일
0	[신한카드] 하은님 120만원 승인 쿠팡 일시불 11월 2일
0	[Web발신] [신한카드] 준호님 1,980,000원 승인 이마트 일시불 내일
0	[삼성카드] 지영님 3,000원 승인 이마트 일시불 모레 감사합니다.
0	[신한카드] 준호님 49,800원 승인 쿠팡 일시불 10월 7일
0	[Web발신] [롯데카드] 하은님 300만원 승인 스타벅스 일시불 10/5
0	[신한카드] 민수님 2,500원 승인 GS25 일시불 10/5
0	[신한카드] 민수님 50만원 승인 쿠팡 일시불 10월 7일
0	[Web발신] [KB국민카드] 도윤님 49,800원 승인 이마트 일시불 10/5
0	[Web발신] [롯데카드] 준호님 3,000원 승인 다이소 일시불 10/5
0	[롯데카드] 수진님 300만원 승인 스타벅스 일시불 내일 감사합니다.
0	[삼성카드] 민수님 49,800원 승인 스타벅스 일시불 10월 7일
0	[삼성카드] 도윤님 3,000원 승인 GS25 일시불 10/5
0	[삼성카드] 민수님 2,500원 승인 스타벅스 일시불 모레 감사합니다.
0	[삼성카드] 수진님 49,800원 승인 올리브영 일시불 11월 2일
0	[삼성카드] 수진님 2,500원 승인 다이소 일시불 10월 7일
0	[신한카드] 서연님 50만원 승인 다이소 일시불 모레 감사합니다.
0	[롯데카드] 수진님 49,800원 승인 쿠팡 일시불 모레
0	[Web발신] [삼성카드] 지영님 300만원 승인 다이소 일시불 10/5
0	[KB국민카드] 도윤님 2,500원 승인 쿠팡 일시불 11월 2일
0	[Web발신] [KB국민카드] 지영님 2,500원 승인 이마트 일시불 모레
0	[롯데카드] 현우님 1,980,000원 승인 GS25 일시불 내일
0	[신한카드] 현우님 120만원 승인 이마트 일시불 10/5 감사합니다.
0	[Web발신] [신한카드] 하은님 120만원 승인 스타벅스 일시불 10/5
0	[신한카드] 도윤님 120만원 승인 쿠팡 일시불 10/5
0	[삼성카드] 서연님 120만원 승인 올리브영 일시불 내일 감사합니다.
0	[롯데카드] 수진님 49,800원 승인 스타벅스 일시불 내일 감사합니다.
0	[KB국민카드] 도윤님 120만원 승인 GS25 일시불 모레
0	[KB국민카드] 준호님 1,980,000원 승인 GS25 일시불 모레
0	[Web발신] [삼성카드] 하은님 50만원 승인 다이소 일시불 내일
0	[롯데카드] 민수님 120만원 승인 다이소 일시불 내일
0	[KB국민카드] 현우님 2,500원 승인 이마트 일시불 내일
0	[신한카드] 민수님 120만원 승인 쿠팡 일시불 10월 7일
0	[KB국민카드] 민수님 1,980,000원 승인 이마트 일시불 10/5 감사합니다.
0	[신한은행] 입금 120만원 잔액 120만원 도윤 감사합니다.
0	[우리은행] 입금 300만원 잔액 2,500원 지영
0	[Web발신] [농협] 입금 49,800원 잔액 120만원 지영
0	[국민은행] 입금 300만원 잔액 49,800원 준호
0	[신한은행] 입금 3,000원 잔액 3,000원 지영
0	[우리은행] 입금 3,000원 잔액 1,980,000원 서연
0	[우리은행] 입금 300만원 잔액 300만원 준호
0	[신한은행] 입금 120만원 잔액 1,980,000원 하은
0	[하나은행] 입금 50만원 잔액 3,000원 현우
0	[하나은행] 입금 3,000원 잔액 300만원 준호
0	[신한은행] 입금 49,800원 잔액 300만원 지영
0	[신한은행] 입금 120만원 잔액 50만원 준호
0	[하나은행] 입금 300만원 잔액 2,500원 준호 감사합니다.
0	[우리은행] 입금 49,800원 잔액 50만원 도윤 감사합니다.
0	[농협] 입금 1,980,000원 잔액 300만원 준호 감사합니다.
0	[농협] 입금 50만원 잔액 50만원 도윤
0	[신한은행] 입금 50만원 잔액 49,800원 지영
0	[하나은행] 입금 50만원 잔액 49,800원 도윤 감사합니다.
0	[신한은행] 입금 120만원 잔액 49,800원 지영
0	[농협] 입금 49,800원 잔액 50만원 수진 감사합니다.
0	[신한은행] 입금 50만원 잔액 120만원 서연 감사합니다.
0	[농협] 입금 49,800원 잔액 1,980,000원 현우
0	[Web발신] [국민은행] 입금 2,500원 잔액 49,800원 수진
0	[Web발신] [신한은행] 입금 120만원 잔액 1,980,000원 하은
0	[하나은행] 입금 120만원 잔액 2,500원 수진 감사합니다.
0	[하나은행] 입금 3,000원 잔액 120만원 도윤
0	[국민은행] 입금 3,000원 잔액 1,980,000원 하은
0	[Web발신] [우리은행] 입금 50만원 잔액 1,980,000원 하은
0	[신한은행] 입금 1,980,000원 잔액 3,000원 현우
0	[Web발신] [농협] 입금 300만원 잔액 1,980,000원 준호
0	[농협] 입금 50만원 잔액 3,000원 서연
0	[Web발신] [우리은행] 입금 300만원 잔액 120만원 하은
0	[하나은행] 입금 120만원 잔액 50만원 준호
0	[국민은행] 입금 49,800원 잔액 120만원 하은
0	[하나은행] 입금 1,980,000원 잔액 120만원 수진
0	[Web발신] [우리은행] 입금 300만원 잔액 2,500원 현우
0	[Web발신] [신한은행] 입금 50만원 잔액 300만원 수진
0	[신한은행] 입금 300만원 잔액 1,980,000원 하은
0	[Web발신] [하나은행] 입금 50만원 잔액 2,500원 준호
0	[농협] 입금 120만원 잔액 3,000원 민수
0	[네이버] 인증번호 [193810]를 입력해 주세요.
0	[Web발신] [네이버] 인증번호 [694524]를 입력해 주세요.
0	[네이버] 인증번호 [865043]를 입력해 주세요. 감사합니다.
0	[네이버] 인증번호 [122764]를 입력해 주세요.
0	[네이버] 인증번호 [965138]를 입력해 주세요.
0	[네이버] 인증번호 [296800]를 입력해 주세요.
0	[네이버] 인증번호 [260113]를 입력해 주세요. 감사합니다.
0	[네이버] 인증번호 [539236]를 입력해 주세요.
0	[네이버] 인증번호 [515987]를 입력해 주세요.
0	[네이버] 인증번호 [430897]를 입력해 주세요. 감사합니다.
0	[네이버] 인증번호 [868152]를 입력해 주세요.
0	[네이버] 인증번호 [184806]를 입력해 주세요.
0	[Web발신] [네이버] 인증번호 [725041]를 입력해 주세요.
0	[네이버] 인증번호 [255790]를 입력해 주세요. 감사합니다.
0	[Web발신] [네이버] 인증번호 [168827]를 입력해 주세요.
0	[네이버] 인증번호 [586795]를 입력해 주세요.
0	[네이버] 인증번호 [259976]를 입력해 주세요.
0	[네이버] 인증번호 [121030]를 입력해 주세요. 감사합니다.
0	[네이버] 인증번호 [284250]를 입력해 주세요. 감사합니다.
0	[네이버] 인증번호 [711458]를 입력해 주세요. 감사합니다.
0	[Web발신] [네이버] 인증번호 [615241]를 입력해 주세요.
0	[네이버] 인증번호 [578193]를 입력해 주세요. 감사합니다.
0	[네이버] 인증번호 [771210]를 입력해 주세요. 감사합니다.
0	[네이버] 인증번호 [485852]를 입력해 주세요.
0	[네이버] 인증번호 [676334]를 입력해 주세요.
0	[네이버] 인증번호 [851631]를 입력해 주세요. 감사합니다.
0	[Web발신] [네이버] 인증번호 [727568]를 입력해 주세요.
0	[네이버] 인증번호 [728598]를 입력해 주세요. 감사합니다.
0	[네이버] 인증번호 [806883]를 입력해 주세요.
0	[Web발신] [네이버] 인증번호 [348128]를 입력해 주세요.
0	[네이버] 인증번호 [691884]를 입력해 주세요. 감사합니다.
0	[네이버] 인증번호 [599021]를 입력해 주세요. 감사합니다.
0	[Web발신] [네이버] 인증번호 [683834]를 입력해 주세요.
0	[네이버] 인증번호 [529344]를 입력해 주세요. 감사합니다.
0	[네이버] 인증번호 [814670]를 입력해 주세요. 감사합니다.
0	[네이버] 인증번호 [914913]를 입력해 주세요.
0	[Web발신] [네이버] 인증번호 [970505]를 입력해 주세요.
0	[Web발신] [네이버] 인증번호 [798041]를 입력해 주세요.
0	[네이버] 인증번호 [386838]를 입력해 주세요.
0	[Web발신] [네이버] 인증번호 [171345]를 입력해 주세요.
0	[Web발신] [카카오] 인증번호 111860. 타인에게 절대 알려주지 마세요.
0	[카카오] 인증번호 835589. 타인에게 절대 알려주지 마세요.
0	[카카오] 인증번호 824760. 타인에게 절대 알려주지 마세요.
0	[카카오] 인증번호 690787. 타인에게 절대 알려주지 마세요.
0	[Web발신] [카카오] 인증번호 495321. 타인에게 절대 알려주지 마세요.
0	[카카오] 인증번호 150835. 타인에게 절대 알려주지 마세요.
0	[카카오] 인증번호 187539. 타인에게 절대 알려주지 마세요. 감사합니다.
0	[카카오] 인증번호 861747. 타인에게 절대 알려주지 마세요. 감사합니다.
0	[Web발신] [카카오] 인증번호 539331. 타인에게 절대 알려주지 마세요.
0	[카카오] 인증번호 280183. 타인에게 절대 알려주지 마세요.
0	[카카오] 인증번호 364742. 타인에게 절대 알려주지 마세요. 감사합니다.
0	[카카오] 인증번호 567063. 타인에게 절대 알려주지 마세요.
0	[카카오] 인증번호 690678. 타인에게 절대 알려주지 마세요. 감사합니다.
0	[카카오] 인증번호 482881. 타인에게 절대 알려주지 마세요.
0	[카카오] 인증번호 770323. 타인에게 절대 알려주지 마세요. 감사합니다.
0	[카카오] 인증번호 750070. 타인에게 절대 알려주지 마세요. 감사합니다.
0	[Web발신] [카카오] 인증번호 488567. 타인에게 절대 알려주지 마세요.
0	[카카오] 인증번호 167398. 타인에게 절대 알려주지 마세요.
0	[카카오] 인증번호 713681. 타인에게 절대 알려주지 마세요.
0	[Web발신] [카카오] 인증번호 319337. 타인에게 절대 알려주지 마세요.
0	[카카오] 인증번호 634726. 타인에게 절대 알려주지 마세요.
0	[카카오] 인증번호 420600. 타인에게 절대 알려주지 마세요.
0	[카카오] 인증번호 428870. 타인에게 절대 알려주지 마세요. 감사합니다.
0	[카카오] 인증번호 617154. 타인에게 절대 알려주지 마세요.
0	[카카오] 인증번호 605616. 타인에게 절대 알려주지 마세요.
0	[카카오] 인증번호 627472. 타인에게 절대 알려주지 마세요.
0	[카카오] 인증번호 485439. 타인에게 절대 알려주지 마세요. 감사합니다.
0	[카카오] 인증번호 550552. 타인에게 절대 알려주지 마세요.
0	[카카오] 인증번호 373174. 타인에게 절대 알려주지 마세요. 감사합니다.
0	[카카오] 인증번호 117725. 타인에게 절대 알려주지 마세요.
0	[카카오] 인증번호 439617. 타인에게 절대 알려주지 마세요.
0	[카카오] 인증번호 973725. 타인에게 절대 알려주지 마세요. 감사합니다.
0	[카카오] 인증번호 299144. 타인에게 절대 알려주지 마세요. 감사합니다.
0	[카카오] 인증번호 667414. 타인에게 절대 알려주지 마세요.
0	[카카오] 인증번호 229373. 타인에게 절대 알려주지 마세요.
0	[카카오] 인증번호 340707. 타인에게 절대 알려주지 마세요.
0	[Web발신] [카카오] 인증번호 705189. 타인에게 절대 알려주지 마세요.
0	[카카오] 인증번호 526575. 타인에게 절대 알려주지 마세요.
0	[Web발신] [카카오] 인증번호 109592. 타인에게 절대 알려주지 마세요.
0	[Web발신] [카카오] 인증번호 931302. 타인에게 절대 알려주지 마세요.
0	[Web발신] 아빠~ 오늘 저녁에 늦을 것 같아요. 먼저 드세요
0	엄마 오늘 저녁에 늦을 것 같아요. 먼저 드세요
0	아빠~ 오늘 저녁에 늦을 것 같아요. 먼저 드세요 감사합니다.
0	[Web발신] 엄마 오늘 저녁에 늦을 것 같아요. 먼저 드세요
0	아빠 오늘 저녁에 늦을 것 같아요. 먼저 드세요
0	아빠~ 오늘 저녁에 늦을 것 같아요. 먼저 드세요
0	엄마! 오늘 저녁에 늦을 것 같아요. 먼저 드세요 감사합니다.
0	아빠 오늘 저녁에 늦을 것 같아요. 먼저 드세요 감사합니다.
0	[Web발신] 엄마! 오늘 저녁에 늦을 것 같아요. 먼저 드세요
0	엄마! 오늘 저녁에 늦을 것 같아요. 먼저 드세요
0	[Web발신] 아빠 오늘 저녁에 늦을 것 같아요. 먼저 드세요
0	아빠~ 이번 주말에 강남역에서 만나요. 점심 같이 먹어요
0	엄마 이번 주말에 역 2번 출구에서 만나요. 점심 같이 먹어요 감사합니다.
0	아빠~ 이번 주말에 집 앞에서 만나요. 점심 같이 먹어요
0	엄마! 이번 주말에 강남역에서 만나요. 점심 같이 먹어요
0	엄마! 이번 주말에 강남역에서 만나요. 점심 같이 먹어요 감사합니다.
0	[Web발신] 엄마 이번 주말에 역 2번 출구에서 만나요. 점심 같이 먹어요
0	아빠~ 이번 주말에 역 2번 출구에서 만나요. 점심 같이 먹어요
0	아빠~ 이번 주말에 역 2번 출구에서 만나요. 점심 같이 먹어요 감사합니다.
0	아빠 이번 주말에 시청 앞에서 만나요. 점심 같이 먹어요
0	아빠~ 이번 주말에 강남역에서 만나요. 점심 같이 먹어요 감사합니다.
0	아빠 이번 주말에 역 2번 출구에서 만나요. 점심 같이 먹어요 감사합니다.
0	[Web발신] 아빠~ 이번 주말에 역 2번 출구에서 만나요. 점심 같이 먹어요
0	엄마 이번 주말에 시청 앞에서 만나요. 점심 같이 먹어요
0	[Web발신] 아빠~ 이번 주말에 강남역에서 만나요. 점심 같이 먹어요
0	[Web발신] 엄마! 이번 주말에 역 2번 출구에서 만나요. 점심 같이 먹어요
0	[Web발신] 아빠~ 이번 주말에 시청 앞에서 만나요. 점심 같이 먹어요
0	엄마! 이번 주말에 집 앞에서 만나요. 점심 같이 먹어요
0	엄마 이번 주말에 집 앞에서 만나요. 점심 같이 먹어요
0	엄마 이번 주말에 시청 앞에서 만나요. 점심 같이 먹어요 감사합니다.
0	[Web발신] 엄마 이번 주말에 집 앞에서 만나요. 점심 같이 먹어요
0	[Web발신] 엄마! 이번 주말에 강남역에서 만나요. 점심 같이 먹어요
0	아빠~ 이번 주말에 시청 앞에서 만나요. 점심 같이 먹어요 감사합니다.
0	엄마 이번 주말에 역 2번 출구에서 만나요. 점심 같이 먹어요
0	아빠 이번 주말에 강남역에서 만나요. 점심 같이 먹어요 감사합니다.
0	[Web발신] 엄마 이번 주말에 시청 앞에서 만나요. 점심 같이 먹어요
0	아빠 이번 주말에 강남역에서 만나요. 점심 같이 먹어요
0	엄마 이번 주말에 강남역에서 만나요. 점심 같이 먹어요
0	[Web발신] 엄마! 이번 주말에 집 앞에서 만나요. 점심 같이 먹어요
0	아빠 이번 주말에 역 2번 출구에서 만나요. 점심 같이 먹어요
0	엄마! 이번 주말에 역 2번 출구에서 만나요. 점심 같이 먹어요
0	엄마! 이번 주말에 시청 앞에서 만나요. 점심 같이 먹어요 감사합니다.
0	[Web발신] 아빠 사진 잘 받았어요. 도윤이가 많이 컸네요
0	아빠~ 사진 잘 받았어요. 수진이가 많이 컸네요
0	엄마 사진 잘 받았어요. 도윤이가 많이 컸네요 감사합니다.
0	[Web발신] 엄마! 사진 잘 받았어요. 지영이가 많이 컸네요
0	[Web발신] 아빠 사진 잘 받았어요. 서연이가 많이 컸네요
0	아빠 사진 잘 받았어요. 지영이가 많이 컸네요
0	[Web발신] 엄마 사진 잘 받았어요. 하은이가 많이 컸네요
0	엄마! 사진 잘 받았어요. 지영이가 많이 컸네요
0	아빠~ 사진 잘 받았어요. 지영이가 많이 컸네요
0	엄마! 사진 잘 받았어요. 수진이가 많이 컸네요
0	[Web발신] 엄마! 사진 잘 받았어요. 하은이가 많이 컸네요
0	아빠~ 사진 잘 받았어요. 하은이가 많이 컸네요
0	아빠~ 사진 잘 받았어요. 서연이가 많이 컸네요
0	[Web발신] 엄마 사진 잘 받았어요. 서연이가 많이 컸네요
0	엄마! 사진 잘 받았어요. 민수이가 많이 컸네요
0	아빠~ 사진 잘 받았어요. 준호이가 많이 컸네요 감사합니다.
0	아빠 사진 잘 받았어요. 도윤이가 많이 컸네요
0	엄마! 사진 잘 받았어요. 서연이가 많이 컸네요
0	엄마! 사진 잘 받았어요. 서연이가 많이 컸네요 감사합니다.
0	엄마! 사진 잘 받았어요. 준호이가 많이 컸네요 감사합니다.
0	아빠~ 사진 잘 받았어요. 지영이가 많이 컸네요 감사합니다.
0	아빠 사진 잘 받았어요. 서연이가 많이 컸네요 감사합니다.
0	아빠 사진 잘 받았어요. 지영이가 많이 컸네요 감사합니다.
0	[Web발신] 아빠~ 사진 잘 받았어요. 서연이가 많이 컸네요
0	아빠 사진 잘 받았어요. 서연이가 많이 컸네요
0	아빠 사진 잘 받았어요. 수진이가 많이 컸네요
0	[Web발신] 엄마! 사진 잘 받았어요. 도윤이가 많이 컸네요
0	[Web발신] 아빠~ 폰 충전기 어디 있어요?
0	아빠 폰 충전기 어디 있어요?
0	엄마! 폰 충전기 어디 있어요?
0	아빠~ 폰 충전기 어디 있어요?
0	엄마 폰 충전기 어디 있어요?
0	아빠~ 폰 충전기 어디 있어요? 감사합니다.
0	[Web발신] 엄마! 폰 충전기 어디 있어요?
0	엄마 폰 충전기 어디 있어요? 감사합니다.
0	[Web발신] 아빠 폰 충전기 어디 있어요?
0	아빠 폰 충전기 어디 있어요? 감사합니다.
0	엄마! 폰 충전기 어디 있어요? 감사합니다.
0	[Web발신] 엄마 폰 충전기 어디 있어요?
0	내일 오후 2시 30분에 역 2번 출구에서 보자
0	내일 오전 9시에 집 앞에서 보자 감사합니다.
0	내일 오전 9시에 집 앞에서 보자
0	내일 오후 6시에 강남역에서 보자 감사합니다.
0	[Web발신] 내일 오후 6시에 강남역에서 보자
0	내일 오전 9시에 역 2번 출구에서 보자 감사합니다.
0	내일 오후 6시에 역 2번 출구에서 보자
0	내일 오전 10시에 강남역에서 보자
0	내일 오전 9시에 역 2번 출구에서 보자
0	내일 오후 2시 30분에 강남역에서 보자 감사합니다.
0	[Web발신] 내일 오전 9시에 집 앞에서 보자
0	내일 오후 6시에 집 앞에서 보자
0	내일 오전 10시에 시청 앞에서 보자 감사합니다.
0	[Web발신] 내일 오전 10시에 시청 앞에서 보자
0	내일 오전 10시에 강남역에서 보자 감사합니다.
0	내일 오후 2시 30분에 집 앞에서 보자
0	내일 오전 10시에 집 앞에서 보자 감사합니다.
0	[Web발신] 내일 오전 9시에 역 2번 출구에서 보자
0	내일 오후 2시 30분에 시청 앞에서 보자 감사합니다.
0	[Web발신] 내일 오후 2시 30분에 역 2번 출구에서 보자
0	내일 오후 2시 30분에 강남역에서 보자
0	[Web발신] 내일 오전 9시에 시청 앞에서 보자
0	내일 오전 10시에 시청 앞에서 보자
0	내일 오후 2시 30분에 역 2번 출구에서 보자 감사합니다.
0	내일 오전 10시에 집 앞에서 보자
0	[Web발신] 내일 오후 6시에 집 앞에서 보자
0	내일 오후 6시에 강남역에서 보자
0	[Web발신] 내일 오후 2시 30분에 시청 앞에서 보자
0	내일 오후 2시 30분에 시청 앞에서 보자
0	[마포구청] 폭염 경보 발령. 야외활동 자제하고 물을 자주 드세요.
0	[해운대구청] 폭염 경보 발령. 야외활동 자제하고 물을 자주 드세요.
0	[수성구청] 폭염 경보 발령. 야외활동 자제하고 물을 자주 드세요.
0	[강남구청] 폭염 경보 발령. 야외활동 자제하고 물을 자주 드세요. 감사합니다.
0	[Web발신] [해운대구청] 폭염 경보 발령. 야외활동 자제하고 물을 자주 드세요.
0	[Web발신] [유성구청] 폭염 경보 발령. 야외활동 자제하고 물을 자주 드세요.
0	[Web발신] [수성구청] 폭염 경보 발령. 야외활동 자제하고 물을 자주 드세요.
0	[Web발신] [마포구청] 폭염 경보 발령. 야외활동 자제하고 물을 자주 드세요.
0	[수성구청] 폭염 경보 발령. 야외활동 자제하고 물을 자주 드세요. 감사합니다.
0	[Web발신] [강남구청] 폭염 경보 발령. 야외활동 자제하고 물을 자주 드세요.
0	[유성구청] 폭염 경보 발령. 야외활동 자제하고 물을 자주 드세요. 감사합니다.
0	[해운대구청] 폭염 경보 발령. 야외활동 자제하고 물을 자주 드세요. 감사합니다.
0	[강남구청] 폭염 경보 발령. 야외활동 자제하고 물을 자주 드세요.
0	[마포구청] 폭염 경보 발령. 야외활동 자제하고 물을 자주 드세요. 감사합니다.
0	[유성구청] 폭염 경보 발령. 야외활동 자제하고 물을 자주 드세요.
0	[행정안전부] 오늘 오전 9시 호우경보. 하천 접근 자제 바랍니다.
0	[Web발신] [행정안전부] 오늘 오전 10시 호우경보. 하천 접근 자제 바랍니다.
0	[행정안전부] 오늘 오후 6시 호우경보. 하천 접근 자제 바랍니다. 감사합니다.
0	[Web발신] [행정안전부] 오늘 오후 6시 호우경보. 하천 접근 자제 바랍니다.
0	[Web발신] [행정안전부] 오늘 오전 9시 호우경보. 하천 접근 자제 바랍니다.
0	[행정안전부] 오늘 오후 2시 30분 호우경보. 하천 접근 자제 바랍니다.
0	[행정안전부] 오늘 오전 9시 호우경보. 하천 접근 자제 바랍니다. 감사합니다.
0	[행정안전부] 오늘 오후 6시 호우경보. 하천 접근 자제 바랍니다.
0	[행정안전부] 오늘 오전 10시 호우경보. 하천 접근 자제 바랍니다.
0	[행정안전부] 오늘 오전 10시 호우경보. 하천 접근 자제 바랍니다. 감사합니다.
0	[Web발신] [행정안전부] 오늘 오후 2시 30분 호우경보. 하천 접근 자제 바랍니다.
0	(광고)[다이소] 가을 세일 최대 50% 할인! 무료수신거부 080-2239-6234 감사합니다.
0	(광고)[올리브영] 가을 세일 최대 50% 할인! 무료수신거부 080-8386-8546
0	[Web발신] (광고)[올리브영] 가을 세일 최대 50% 할인! 무료수신거부 080-8682-9060
0	[Web발신] (광고)[이마트] 가을 세일 최대 50% 할인! 무료수신거부 080-6120-5108
0	(광고)[스타벅스] 가을 세일 최대 50% 할인! 무료수신거부 080-6005-5871 감사합니다.
0	(광고)[올리브영] 가을 세일 최대 50% 할인! 무료수신거부 080-7109-5780 감사합니다.
0	[Web발신] (광고)[스타벅스] 가을 세일 최대 50% 할인! 무료수신거부 080-4621-5987
0	(광고)[올리브영] 가을 세일 최대 50% 할인! 무료수신거부 080-8963-2729
0	(광고)[스타벅스] 가을 세일 최대 50% 할인! 무료수신거부 080-7540-6253
0	(광고)[다이소] 가을 세일 최대 50% 할인! 무료수신거부 080-2488-2639 감사합니다.
0	(광고)[쿠팡] 가을 세일 최대 50% 할인! 무료수신거부 080-5413-7084
0	[Web발신] (광고)[스타벅스] 가을 세일 최대 50% 할인! 무료수신거부 080-5650-5979
0	(광고)[쿠팡] 가을 세일 최대 50% 할인! 무료수신거부 080-9161-3648
0	[Web발신] (광고)[스타벅스] 가을 세일 최대 50% 할인! 무료수신거부 080-9796-4644
0	(광고)[쿠팡] 가을 세일 최대 50% 할인! 무료수신거부 080-5481-3378 감사합니다.
0	(광고)[올리브영] 가을 세일 최대 50% 할인! 무료수신거부 080-8850-4934
0	(광고)[올리브영] 가을 세일 최대 50% 할인! 무료수신거부 080-9919-5975 감사합니다.
0	(광고)[올리브영] 가을 세일 최대 50% 할인! 무료수신거부 080-4315-8805 감사합니다.
0	(광고)[다이소] 가을 세일 최대 50% 할인! 무료수신거부 080-3558-4569
0	(광고)[GS25] 가을 세일 최대 50% 할인! 무료수신거부 080-8095-4677
0	(광고)[이마트] 가을 세일 최대 50% 할인! 무료수신거부 080-1106-4864
0	(광고)[GS25] 가을 세일 최대 50% 할인! 무료수신거부 080-3453-7006
0	(광고)[스타벅스] 가을 세일 최대 50% 할인! 무료수신거부 080-7347-5998
0	(광고)[다이소] 가을 세일 최대 50% 할인! 무료수신거부 080-2063-1634
0	[Web발신] (광고)[GS25] 가을 세일 최대 50% 할인! 무료수신거부 080-8650-5421
0	(광고)[다이소] 가을 세일 최대 50% 할인! 무료수신거부 080-8396-2547
0	[Web발신] (광고)[스타벅스] 가을 세일 최대 50% 할인! 무료수신거부 080-8671-6576
0	(광고)[쿠팡] 가을 세일 최대 50% 할인! 무료수신거부 080-2724-3010
0	(광고)[스타벅스] 가을 세일 최대 50% 할인! 무료수신거부 080-3900-1350 감사합니다.
0	(광고)[올리브영] 가을 세일 최대 50% 할인! 무료수신거부 080-5251-6374 감사합니다.
0	[Web발신] (광고)[이마트] 가을 세일 최대 50% 할인! 무료수신거부 080-5205-6580
0	[Web발신] (광고)[쿠팡] 가을 세일 최대 50% 할인! 무료수신거부 080-5998-7295
0	(광고)[다이소] 가을 세일 최대 50% 할인! 무료수신거부 080-9149-6208
0	(광고)[스타벅스] 가을 세일 최대 50% 할인! 무료수신거부 080-4304-6432
0	(광고)[이마트] 가을 세일 최대 50% 할인! 무료수신거부 080-6460-7456
0	(광고)[스타벅스] 가을 세일 최대 50% 할인! 무료수신거부 080-3973-1547 감사합니다.
0	[Web발신] (광고)[스타벅스] 가을 세일 최대 50% 할인! 무료수신거부 080-9349-2122
0	[Web발신] (광고)[GS25] 가을 세일 최대 50% 할인! 무료수신거부 080-1169-8954
0	(광고)[스타벅스] 가을 세일 최대 50% 할인! 무료수신거부 080-2980-7392
0	(광고)[이마트] 가을 세일 최대 50% 할인! 무료수신거부 080-2902-5373
0	(광고)[쿠팡] 회원님께 2,500원 쿠폰이 발급되었어요. https://www.shinhancard.com 감사합니다.
0	(광고)[쿠팡] 회원님께 49,800원 쿠폰이 발급되었어요. https://www.shinhancard.com 감사합니다.
0	(광고)[GS25] 회원님께 2,500원 쿠폰이 발급되었어요. https://www.shinhancard.com
0	(광고)[올리브영] 회원님께 50만원 쿠폰이 발급되었어요. https://www.nhis.or.kr
0	[Web발신] (광고)[쿠팡] 회원님께 50만원 쿠폰이 발급되었어요. https://www.cjlogistics.com
0	(광고)[이마트] 회원님께 120만원 쿠폰이 발급되었어요. https://m.coupang.com
0	(광고)[다이소] 회원님께 2,500원 쿠폰이 발급되었어요. https://www.cjlogistics.com 감사합니다.
0	(광고)[GS25] 회원님께 1,980,000원 쿠폰이 발급되었어요. https://m.coupang.com 감사합니다.
0	(광고)[스타벅스] 회원님께 50만원 쿠폰이 발급되었어요. https://www.shinhancard.com
0	(광고)[GS25] 회원님께 49,800원 쿠폰이 발급되었어요. https://www.shinhancard.com
0	(광고)[다이소] 회원님께 50만원 쿠폰이 발급되었어요. https://www.cjlogistics.com
0	(광고)[GS25] 회원님께 300만원 쿠폰이 발급되었어요. https://card.kbcard.com 감사합니다.
0	(광고)[스타벅스] 회원님께 2,500원 쿠폰이 발급되었어요. https://www.shinhancard.com
0	[Web발신] (광고)[이마트] 회원님께 300만원 쿠폰이 발급되었어요. https://www.nhis.or.kr
0	(광고)[이마트] 회원님께 120만원 쿠폰이 발급되었어요. https://www.gov.kr
0	(광고)[쿠팡] 회원님께 2,500원 쿠폰이 발급되었어요. https://www.gov.kr 감사합니다.
0	[Web발신] (광고)[쿠팡] 회원님께 300만원 쿠폰이 발급되었어요. https://www.cjlogistics.com
0	(광고)[쿠팡] 회원님께 50만원 쿠폰이 발급되었어요. https://card.kbcard.com
0	(광고)[다이소] 회원님께 3,000원 쿠폰이 발급되었어요. https://m.coupang.com
0	(광고)[쿠팡] 회원님께 49,800원 쿠폰이 발급되었어요. https://www.nhis.or.kr
0	(광고)[GS25] 회원님께 3,000원 쿠폰이 발급되었어요. https://www.gov.kr
0	(광고)[스타벅스] 회원님께 49,800원 쿠폰이 발급되었어요. https://www.gov.kr 감사합니다.
0	(광고)[GS25] 회원님께 49,800원 쿠폰이 발급되었어요. https://card.kbcard.com
0	[Web발신] (광고)[GS25] 회원님께 2,500원 쿠폰이 발급되었어요. https://www.nhis.or.kr
0	(광고)[스타벅스] 회원님께 49,800원 쿠폰이 발급되었어요. https://m.coupang.com 감사합니다.
0	(광고)[이마트] 회원님께 120만원 쿠폰이 발급되었어요. https://www.cjlogistics.com 감사합니다.
0	(광고)[쿠팡] 회원님께 50만원 쿠폰이 발급되었어요. https://www.shinhancard.com
0	(광고)[쿠팡] 회원님께 120만원 쿠폰이 발급되었어요. https://www.nhis.or.kr
0	[Web발신] (광고)[GS25] 회원님께 3,000원 쿠폰이 발급되었어요. https://www.cjlogistics.com
0	(광고)[스타벅스] 회원님께 49,800원 쿠폰이 발급되었어요. https://www.nhis.or.kr
0	[Web발신] (광고)[이마트] 회원님께 50만원 쿠폰이 발급되었어요. https://www.nhis.or.kr
0	(광고)[다이소] 회원님께 3,000원 쿠폰이 발급되었어요. https://www.nhis.or.kr
0	(광고)[GS25] 회원님께 50만원 쿠폰이 발급되었어요. https://www.shinhancard.com
0	(광고)[GS25] 회원님께 1,980,000원 쿠폰이 발급되었어요. https://card.kbcard.com
0	[Web발신] (광고)[쿠팡] 회원님께 2,500원 쿠폰이 발급되었어요. https://card.kbcard.com
0	(광고)[다이소] 회원님께 300만원 쿠폰이 발급되었어요. https://www.cjlogistics.com
0	(광고)[이마트] 회원님께 1,980,000원 쿠폰이 발급되었어요. https://www.nhis.or.kr
0	(광고)[올리브영] 회원님께 300만원 쿠폰이 발급되었어요. https://www.nhis.or.kr
0	(광고)[이마트] 회원님께 50만원 쿠폰이 발급되었어요. https://www.cjlogistics.com
0	[스타벅스] 주문하신 상품이 결제 완료되었습니다. 주문번호 266785 감사합니다.
0	[이마트] 주문하신 상품이 결제 완료되었습니다. 주문번호 817928
0	[쿠팡] 주문하신 상품이 결제 완료되었습니다. 주문번호 862683
0	[스타벅스] 주문하신 상품이 결제 완료되었습니다. 주문번호 991088
0	[다이소] 주문하신 상품이 결제 완료되었습니다. 주문번호 562403
0	[올리브영] 주문하신 상품이 결제 완료되었습니다. 주문번호 579983 감사합니다.
0	[올리브영] 주문하신 상품이 결제 완료되었습니다. 주문번호 624558
0	[쿠팡] 주문하신 상품이 결제 완료되었습니다. 주문번호 213902 감사합니다.
0	[올리브영] 주문하신 상품이 결제 완료되었습니다. 주문번호 670497
0	[GS25] 주문하신 상품이 결제 완료되었습니다. 주문번호 506786
0	[Web발신] [올리브영] 주문하신 상품이 결제 완료되었습니다. 주문번호 805185
0	[다이소] 주문하신 상품이 결제 완료되었습니다. 주문번호 936115 감사합니다.
0	[쿠팡] 주문하신 상품이 결제 완료되었습니다. 주문번호 444413 감사합니다.
0	[이마트] 주문하신 상품이 결제 완료되었습니다. 주문번호 142488
0	[쿠팡] 주문하신 상품이 결제 완료되었습니다. 주문번호 454868
0	[GS25] 주문하신 상품이 결제 완료되었습니다. 주문번호 185902
0	[다이소] 주문하신 상품이 결제 완료되었습니다. 주문번호 342798 감사합니다.
0	[올리브영] 주문하신 상품이 결제 완료되었습니다. 주문번호 340109 감사합니다.
0	[이마트] 주문하신 상품이 결제 완료되었습니다. 주문번호 813272
0	[Web발신] [쿠팡] 주문하신 상품이 결제 완료되었습니다. 주문번호 966878
0	[Web발신] [스타벅스] 주문하신 상품이 결제 완료되었습니다. 주문번호 432273
0	[GS25] 주문하신 상품이 결제 완료되었습니다. 주문번호 671605
0	[Web발신] [다이소] 주문하신 상품이 결제 완료되었습니다. 주문번호 116513
0	[Web발신] [다이소] 주문하신 상품이 결제 완료되었습니다. 주문번호 998229
0	[스타벅스] 주문하신 상품이 결제 완료되었습니다. 주문번호 898997
0	[올리브영] 주문하신 상품이 결제 완료되었습니다. 주문번호 307260 감사합니다.
0	[이마트] 주문하신 상품이 결제 완료되었습니다. 주문번호 952712
0	[스타벅스] 주문하신 상품이 결제 완료되었습니다. 주문번호 866468
0	[GS25] 주문하신 상품이 결제 완료되었습니다. 주문번호 663219 감사합니다.
0	[스타벅스] 주문하신 상품이 결제 완료되었습니다. 주문번호 265288 감사합니다.
0	[Web발신] [다이소] 주문하신 상품이 결제 완료되었습니다. 주문번호 207178
0	[올리브영] 주문하신 상품이 결제 완료되었습니다. 주문번호 942904
0	[올리브영] 주문하신 상품이 결제 완료되었습니다. 주문번호 545766
0	[Web발신] [쿠팡] 주문하신 상품이 결제 완료되었습니다. 주문번호 846139
0	[올리브영] 주문하신 상품이 결제 완료되었습니다. 주문번호 274480
0	[GS25] 주문하신 상품이 결제 완료되었습니다. 주문번호 612156
0	[다이소] 주문하신 상품이 결제 완료되었습니다. 주문번호 338426
0	[GS25] 주문하신 상품이 결제 완료되었습니다. 주문번호 508366
0	[스타벅스] 주문하신 상품이 결제 완료되었습니다. 주문번호 641985 감사합니다.
0	[스타벅스] 주문하신 상품이 결제 완료되었습니다. 주문번호 628623 감사합니다.
0	[국민건강보험공단] 도윤님 올해 건강검진 대상자입니다. 가까운 검진기관에 예약하세요. 감사합니다.
0	[Web발신] [국민건강보험공단] 민수님 올해 건강검진 대상자입니다. 가까운 검진기관에 예약하세요.
0	[국민건강보험공단] 도윤님 올해 건강검진 대상자입니다. 가까운 검진기관에 예약하세요.
0	[국민건강보험공단] 민수님 올해 건강검진 대상자입니다. 가까운 검진기관에 예약하세요.
0	[국민건강보험공단] 준호님 올해 건강검진 대상자입니다. 가까운 검진기관에 예약하세요.
0	[국민건강보험공단] 현우님 올해 건강검진 대상자입니다. 가까운 검진기관에 예약하세요.
0	[국민건강보험공단] 수진님 올해 건강검진 대상자입니다. 가까운 검진기관에 예약하세요.
0	[국민건강보험공단] 하은님 올해 건강검진 대상자입니다. 가까운 검진기관에 예약하세요.
0	[국민건강보험공단] 지영님 올해 건강검진 대상자입니다. 가까운 검진기관에 예약하세요.
0	[국민건강보험공단] 서연님 올해 건강검진 대상자입니다. 가까운 검진기관에 예약하세요.
0	[Web발신] [국민건강보험공단] 하은님 올해 건강검진 대상자입니다. 가까운 검진기관에 예약하세요.
0	[국민건강보험공단] 민수님 올해 건강검진 대상자입니다. 가까운 검진기관에 예약하세요. 감사합니다.
0	[Web발신] [국민건강보험공단] 수진님 올해 건강검진 대상자입니다. 가까운 검진기관에 예약하세요.
0	[Web발신] [국민건강보험공단] 도윤님 올해 건강검진 대상자입니다. 가까운 검진기관에 예약하세요.
0	[국민건강보험공단] 수진님 올해 건강검진 대상자입니다. 가까운 검진기관에 예약하세요. 감사합니다.
0	[국민건강보험공단] 하은님 올해 건강검진 대상자입니다. 가까운 검진기관에 예약하세요. 감사합니다.
0	[Web발신] [국민건강보험공단] 현우님 올해 건강검진 대상자입니다. 가까운 검진기관에 예약하세요.
0	[국민건강보험공단] 서연님 올해 건강검진 대상자입니다. 가까운 검진기관에 예약하세요. 감사합니다.
0	[Web발신] [국민건강보험공단] 지영님 올해 건강검진 대상자입니다. 가까운 검진기관에 예약하세요.
0	[튼튼정형외과] 처방전이 발급되었습니다. 약국에서 수령하세요. 감사합니다.
0	[서울내과] 처방전이 발급되었습니다. 약국에서 수령하세요.
0	[튼튼정형외과] 처방전이 발급되었습니다. 약국에서 수령하세요.
0	[밝은안과] 처방전이 발급되었습니다. 약국에서 수령하세요.
0	[Web발신] [튼튼정형외과] 처방전이 발급되었습니다. 약국에서 수령하세요.
0	[서울내과] 처방전이 발급되었습니다. 약국에서 수령하세요. 감사합니다.
0	[Web발신] [한마음병원] 처방전이 발급되었습니다. 약국에서 수령하세요.
0	[한마음병원] 처방전이 발급되었습니다. 약국에서 수령하세요. 감사합니다.
0	[한마음병원] 처방전이 발급되었습니다. 약국에서 수령하세요.
0	[Web발신] [서울내과] 처방전이 발급되었습니다. 약국에서 수령하세요.
0	[밝은안과] 처방전이 발급되었습니다. 약국에서 수령하세요. 감사합니다.
0	[Web발신] [밝은안과] 처방전이 발급되었습니다. 약국에서 수령하세요.
0	[신한은행] 10/5 자동이체 300만원 출금 예정입니다.
0	[하나은행] 모레 자동이체 2,500원 출금 예정입니다.
0	[신한은행] 모레 자동이체 1,980,000원 출금 예정입니다. 감사합니다.
0	[신한은행] 10/5 자동이체 300만원 출금 예정입니다. 감사합니다.
0	[우리은행] 10월 7일 자동이체 2,500원 출금 예정입니다. 감사합니다.
0	[Web발신] [하나은행] 모레 자동이체 50만원 출금 예정입니다.
0	[Web발신] [하나은행] 10/5 자동이체 120만원 출금 예정입니다.
0	[우리은행] 내일 자동이체 50만원 출금 예정입니다.
0	[Web발신] [하나은행] 11월 2일 자동이체 49,800원 출금 예정입니다.
0	[신한은행] 10/5 자동이체 3,000원 출금 예정입니다.
0	[신한은행] 모레 자동이체 50만원 출금 예정입니다.
0	[하나은행] 내일 자동이체 2,500원 출금 예정입니다.
0	[농협] 모레 자동이체 1,980,000원 출금 예정입니다.
0	[Web발신] [농협] 11월 2일 자동이체 49,800원 출금 예정입니다.
0	[하나은행] 모레 자동이체 49,800원 출금 예정입니다.
0	[우리은행] 10/5 자동이체 300만원 출금 예정입니다.
0	[신한은행] 10/5 자동이체 2,500원 출금 예정입니다.
0	[Web발신] [농협] 모레 자동이체 300만원 출금 예정입니다.
0	[국민은행] 10월 7일 자동이체 50만원 출금 예정입니다.
0	[농협] 11월 2일 자동이체 2,500원 출금 예정입니다. 감사합니다.
0	[Web발신] [국민은행] 모레 자동이체 300만원 출금 예정입니다.
0	[농협] 모레 자동이체 2,500원 출금 예정입니다.
0	[국민은행] 11월 2일 자동이체 2,500원 출금 예정입니다. 감사합니다.
0	[국민은행] 11월 2일 자동이체 3,000원 출금 예정입니다.
0	[농협] 11월 2일 자동이체 1,980,000원 출금 예정입니다.
0	[농협] 11월 2일 자동이체 3,000원 출금 예정입니다. 감사합니다.
0	[국민은행] 11월 2일 자동이체 1,980,000원 출금 예정입니다.
0	[국민은행] 10/5 자동이체 120만원 출금 예정입니다.
0	[Web발신] [우리은행] 11월 2일 자동이체 49,800원 출금 예정입니다.
0	[농협] 10월 7일 자동이체 3,000원 출금 예정입니다. 감사합니다.
0	[우리은행] 모레 자동이체 2,500원 출금 예정입니다.
0	[우리은행] 11월 2일 자동이체 300만원 출금 예정입니다. 감사합니다.
0	[Web발신] [우리은행] 10/5 자동이체 120만원 출금 예정입니다.
0	[신한은행] 내일 자동이체 50만원 출금 예정입니다. 감사합니다.
0	[우리은행] 내일 자동이체 120만원 출금 예정입니다. 감사합니다.
0	[신한은행] 모레 자동이체 300만원 출금 예정입니다. 감사합니다.
0	[농협] 10/5 자동이체 3,000원 출금 예정입니다. 감사합니다.
0	[신한은행] 내일 자동이체 50만원 출금 예정입니다.
0	[하나은행] 내일 자동이체 50만원 출금 예정입니다. 감사합니다.
0	[SKT] 하은님 이번 달 데이터 사용량이 80%를 넘었습니다.
0	[Web발신] [SKT] 지영님 이번 달 데이터 사용량이 80%를 넘었습니다.
0	[SKT] 수진님 이번 달 데이터 사용량이 80%를 넘었습니다.
0	[Web발신] [SKT] 도윤님 이번 달 데이터 사용량이 80%를 넘었습니다.
0	[SKT] 서연님 이번 달 데이터 사용량이 80%를 넘었습니다.
0	[SKT] 민수님 이번 달 데이터 사용량이 80%를 넘었습니다.
0	[SKT] 민수님 이번 달 데이터 사용량이 80%를 넘었습니다. 감사합니다.
0	[SKT] 현우님 이번 달 데이터 사용량이 80%를 넘었습니다. 감사합니다.
0	[Web발신] [SKT] 현우님 이번 달 데이터 사용량이 80%를 넘었습니다.
0	[SKT] 지영님 이번 달 데이터 사용량이 80%를 넘었습니다.
0	[SKT] 준호님 이번 달 데이터 사용량이 80%를 넘었습니다.
0	[SKT] 서연님 이번 달 데이터 사용량이 80%를 넘었습니다. 감사합니다.
0	[SKT] 하은님 이번 달 데이터 사용량이 80%를 넘었습니다. 감사합니다.
0	[SKT] 도윤님 이번 달 데이터 사용량이 80%를 넘었습니다. 감사합니다.
0	[SKT] 지영님 이번 달 데이터 사용량이 80%를 넘었습니다. 감사합니다.
0	[Web발신] [SKT] 준호님 이번 달 데이터 사용량이 80%를 넘었습니다.
0	[SKT] 준호님 이번 달 데이터 사용량이 80%를 넘었습니다. 감사합니다.
0	[SKT] 현우님 이번 달 데이터 사용량이 80%를 넘었습니다.
0	[SKT] 수진님 이번 달 데이터 사용량이 80%를 넘었습니다. 감사합니다.
0	[SKT] 도윤님 이번 달 데이터 사용량이 80%를 넘었습니다.
0	[Web발신] [SKT] 수진님 이번 달 데이터 사용량이 80%를 넘었습니다.
0	현우아 생일 축하해! 맛있는 거 먹어
0	지영아 생일 축하해! 맛있는 거 먹어
0	수진아 생일 축하해! 맛있는 거 먹어 감사합니다.
0	도윤아 생일 축하해! 맛있는 거 먹어
0	[Web발신] 하은아 생일 축하해! 맛있는 거 먹어
0	하은아 생일 축하해! 맛있는 거 먹어
0	지영아 생일 축하해! 맛있는 거 먹어 감사합니다.
0	[Web발신] 준호아 생일 축하해! 맛있는 거 먹어
0	[Web발신] 서연아 생일 축하해! 맛있는 거 먹어
0	하은아 생일 축하해! 맛있는 거 먹어 감사합니다.
0	[Web발신] 현우아 생일 축하해! 맛있는 거 먹어
0	[Web발신] 지영아 생일 축하해! 맛있는 거 먹어
0	준호아 생일 축하해! 맛있는 거 먹어 감사합니다.
0	민수아 생일 축하해! 맛있는 거 먹어 감사합니다.
0	서연아 생일 축하해! 맛있는 거 먹어 감사합니다.
0	[Web발신] 민수아 생일 축하해! 맛있는 거 먹어
0	현우아 생일 축하해! 맛있는 거 먹어 감사합니다.
0	[Web발신] 수진아 생일 축하해! 맛있는 거 먹어
0	서연아 생일 축하해! 맛있는 거 먹어
0	민수아 생일 축하해! 맛있는 거 먹어
0	준호아 생일 축하해! 맛있는 거 먹어
0	택배 기사입니다. 오늘 오후 2시 30분 방문 예정이에요. 부재 시 경비실에 맡길게요
0	택배 기사입니다. 오늘 오후 6시 방문 예정이에요. 부재 시 경비실에 맡길게요
0	[Web발신] 택배 기사입니다. 오늘 오전 10시 방문 예정이에요. 부재 시 경비실에 맡길게요
0	택배 기사입니다. 오늘 오후 2시 30분 방문 예정이에요. 부재 시 경비실에 맡길게요 감사합니다.
0	택배 기사입니다. 오늘 오전 10시 방문 예정이에요. 부재 시 경비실에 맡길게요
0	택배 기사입니다. 오늘 오후 6시 방문 예정이에요. 부재 시 경비실에 맡길게요 감사합니다.
0	택배 기사입니다. 오늘 오전 9시 방문 예정이에요. 부재 시 경비실에 맡길게요 감사합니다.
0	택배 기사입니다. 오늘 오전 9시 방문 예정이에요. 부재 시 경비실에 맡길게요
0	[Web발신] 택배 기사입니다. 오늘 오후 2시 30분 방문 예정이에요. 부재 시 경비실에 맡길게요
0	택배 기사입니다. 오늘 오전 10시 방문 예정이에요. 부재 시 경비실에 맡길게요 감사합니다.
0	[Web발신] 택배 기사입니다. 오늘 오전 9시 방문 예정이에요. 부재 시 경비실에 맡길게요
0	회의 자료 메일로 보냈습니다. 확인 부탁드립니다. 감사합니다.
0	[Web발신] 회의 자료 메일로 보냈습니다. 확인 부탁드립니다.
0	회의 자료 메일로 보냈습니다. 확인 부탁드립니다.
0	[Web발신] [햇살아파트] 관리사무소입니다. 모레 엘리베이터 점검이 있습니다.
0	[Web발신] [햇살아파트] 관리사무소입니다. 10월 7일 엘리베이터 점검이 있습니다.
0	[푸른마을아파트] 관리사무소입니다. 11월 2일 엘리베이터 점검이 있습니다.
0	[한빛아파트] 관리사무소입니다. 10/5 엘리베이터 점검이 있습니다.
0	[행복아파트] 관리사무소입니다. 11월 2일 엘리베이터 점검이 있습니다. 감사합니다.
0	[햇살아파트] 관리사무소입니다. 내일 엘리베이터 점검이 있습니다. 감사합니다.
0	[한빛아파트] 관리사무소입니다. 10월 7일 엘리베이터 점검이 있습니다.
0	[햇살아파트] 관리사무소입니다. 10/5 엘리베이터 점검이 있습니다. 감사합니다.
0	[푸른마을아파트] 관리사무소입니다. 10월 7일 엘리베이터 점검이 있습니다.
0	[햇살아파트] 관리사무소입니다. 모레 엘리베이터 점검이 있습니다.
0	[햇살아파트] 관리사무소입니다. 11월 2일 엘리베이터 점검이 있습니다.
0	[한빛아파트] 관리사무소입니다. 11월 2일 엘리베이터 점검이 있습니다. 감사합니다.
0	[Web발신] [햇살아파트] 관리사무소입니다. 내일 엘리베이터 점검이 있습니다.
0	[행복아파트] 관리사무소입니다. 내일 엘리베이터 점검이 있습니다. 감사합니다.
0	[Web발신] [푸른마을아파트] 관리사무소입니다. 내일 엘리베이터 점검이 있습니다.
0	[Web발신] [한빛아파트] 관리사무소입니다. 11월 2일 엘리베이터 점검이 있습니다.
0	[Web발신] [한빛아파트] 관리사무소입니다. 10월 7일 엘리베이터 점검이 있습니다.
0	[행복아파트] 관리사무소입니다. 10월 7일 엘리베이터 점검이 있습니다.
0	[행복아파트] 관리사무소입니다. 모레 엘리베이터 점검이 있습니다.
0	[햇살아파트] 관리사무소입니다. 모레 엘리베이터 점검이 있습니다. 감사합니다.
0	[햇살아파트] 관리사무소입니다. 10/5 엘리베이터 점검이 있습니다.
0	[한빛아파트] 관리사무소입니다. 10월 7일 엘리베이터 점검이 있습니다. 감사합니다.
0	[한빛아파트] 관리사무소입니다. 내일 엘리베이터 점검이 있습니다.
0	[Web발신] [행복아파트] 관리사무소입니다. 11월 2일 엘리베이터 점검이 있습니다.
0	[Web발신] [행복아파트] 관리사무소입니다. 내일 엘리베이터 점검이 있습니다.
0	[햇살아파트] 관리사무소입니다. 내일 엘리베이터 점검이 있습니다.
0	[푸른마을아파트] 관리사무소입니다. 11월 2일 엘리베이터 점검이 있습니다. 감사합니다.
0	[행복아파트] 관리사무소입니다. 모레 엘리베이터 점검이 있습니다. 감사합니다.
0	[Web발신] [행복아파트] 관리사무소입니다. 10월 7일 엘리베이터 점검이 있습니다.
0	[푸른마을아파트] 관리사무소입니다. 10/5 엘리베이터 점검이 있습니다. 감사합니다.
0	[수성구 보건소] 독감 예방접종 안내. 만 65세 이상 무료 접종 11월 2일부터 감사합니다.
0	[Web발신] [수성구 보건소] 독감 예방접종 안내. 만 65세 이상 무료 접종 내일부터
0	[해운대구 보건소] 독감 예방접종 안내. 만 65세 이상 무료 접종 내일부터
0	[마포구 보건소] 독감 예방접종 안내. 만 65세 이상 무료 접종 10월 7일부터 감사합니다.
0	[Web발신] [해운대구 보건소] 독감 예방접종 안내. 만 65세 이상 무료 접종 모레부터
0	[유성구 보건소] 독감 예방접종 안내. 만 65세 이상 무료 접종 10월 7일부터
0	[유성구 보건소] 독감 예방접종 안내. 만 65세 이상 무료 접종 10/5부터 감사합니다.
0	[Web발신] [강남구 보건소] 독감 예방접종 안내. 만 65세 이상 무료 접종 11월 2일부터
0	[Web발신] [유성구 보건소] 독감 예방접종 안내. 만 65세 이상 무료 접종 모레부터
0	[해운대구 보건소] 독감 예방접종 안내. 만 65세 이상 무료 접종 11월 2일부터
0	[마포구 보건소] 독감 예방접종 안내. 만 65세 이상 무료 접종 모레부터 감사합니다.
0	[마포구 보건소] 독감 예방접종 안내. 만 65세 이상 무료 접종 10/5부터
0	[유성구 보건소] 독감 예방접종 안내. 만 65세 이상 무료 접종 10월 7일부터 감사합니다.
0	[유성구 보건소] 독감 예방접종 안내. 만 65세 이상 무료 접종 내일부터 감사합니다.
0	[강남구 보건소] 독감 예방접종 안내. 만 65세 이상 무료 접종 내일부터
0	[Web발신] [마포구 보건소] 독감 예방접종 안내. 만 65세 이상 무료 접종 11월 2일부터
0	[마포구 보건소] 독감 예방접종 안내. 만 65세 이상 무료 접종 내일부터
0	[Web발신] [유성구 보건소] 독감 예방접종 안내. 만 65세 이상 무료 접종 10/5부터
0	[수성구 보건소] 독감 예방접종 안내. 만 65세 이상 무료 접종 내일부터
0	[Web발신] [수성구 보건소] 독감 예방접종 안내. 만 65세 이상 무료 접종 모레부터
0	[Web발신] [강남구 보건소] 독감 예방접종 안내. 만 65세 이상 무료 접종 모레부터
0	[Web발신] [마포구 보건소] 독감 예방접종 안내. 만 65세 이상 무료 접종 모레부터
0	[유성구 보건소] 독감 예방접종 안내. 만 65세 이상 무료 접종 모레부터
0	[강남구 보건소] 독감 예방접종 안내. 만 65세 이상 무료 접종 모레부터 감사합니다.
0	[강남구 보건소] 독감 예방접종 안내. 만 65세 이상 무료 접종 10월 7일부터
0	[강남구 보건소] 독감 예방접종 안내. 만 65세 이상 무료 접종 내일부터 감사합니다.
0	[해운대구 보건소] 독감 예방접종 안내. 만 65세 이상 무료 접종 모레부터 감사합니다.
0	[마포구 보건소] 독감 예방접종 안내. 만 65세 이상 무료 접종 11월 2일부터 감사합니다.
0	[Web발신] [유성구 보건소] 독감 예방접종 안내. 만 65세 이상 무료 접종 내일부터
0	[Web발신] [강남구 보건소] 독감 예방접종 안내. 만 65세 이상 무료 접종 10/5부터
0	[롯데카드] 11월 2일 결제 예정 금액 3,000원입니다. https://www.shinhancard.com 감사합니다.
0	[현대카드] 모레 결제 예정 금액 50만원입니다. https://www.shinhancard.com
0	[롯데카드] 11월 2일 결제 예정 금액 3,000원입니다. https://m.coupang.com
0	[Web발신] [롯데카드] 11월 2일 결제 예정 금액 49,800원입니다. https://m.coupang.com
0	[현대카드] 10/5 결제 예정 금액 49,800원입니다. https://m.coupang.com 감사합니다.
0	[현대카드] 10/5 결제 예정 금액 120만원입니다. https://www.nhis.or.kr
0	[KB국민카드] 11월 2일 결제 예정 금액 2,500원입니다. https://www.gov.kr 감사합니다.
0	[Web발신] [신한카드] 10월 7일 결제 예정 금액 2,500원입니다. https://www.nhis.or.kr
0	[KB국민카드] 11월 2일 결제 예정 금액 2,500원입니다. https://www.nhis.or.kr
0	[롯데카드] 10/5 결제 예정 금액 300만원입니다. https://www.nhis.or.kr
0	[Web발신] [현대카드] 10/5 결제 예정 금액 2,500원입니다. https://www.gov.kr
0	[현대카드] 10월 7일 결제 예정 금액 3,000원입니다. https://www.gov.kr 감사합니다.
0	[신한카드] 10/5 결제 예정 금액 120만원입니다. https://www.gov.kr
0	[롯데카드] 10월 7일 결제 예정 금액 1,980,000원입니다. https://www.shinhancard.com
0	[KB국민카드] 11월 2일 결제 예정 금액 120만원입니다. https://www.nhis.or.kr
0	[롯데카드] 10/5 결제 예정 금액 49,800원입니다. https://www.nhis.or.kr
0	[Web발신] [삼성카드] 10월 7일 결제 예정 금액 3,000원입니다. https://www.cjlogistics.com
0	[Web발신] [KB국민카드] 내일 결제 예정 금액 49,800원입니다. https://card.kbcard.com
0	[삼성카드] 10/5 결제 예정 금액 50만원입니다. https://card.kbcard.com 감사합니다.
0	[롯데카드] 10월 7일 결제 예정 금액 3,000원입니다. https://m.coupang.com
0	[삼성카드] 10/5 결제 예정 금액 1,980,000원입니다. https://www.shinhancard.com 감사합니다.
0	[신한카드] 10/5 결제 예정 금액 2,500원입니다. https://www.nhis.or.kr
0	[현대카드] 11월 2일 결제 예정 금액 2,500원입니다. https://m.coupang.com 감사합니다.
0	[삼성카드] 모레 결제 예정 금액 49,800원입니다. https://www.nhis.or.kr
0	[현대카드] 10/5 결제 예정 금액 49,800원입니다. https://card.kbcard.com 감사합니다.
0	[현대카드] 11월 2일 결제 예정 금액 1,980,000원입니다. https://www.gov.kr
0	[Web발신] [롯데카드] 내일 결제 예정 금액 2,500원입니다. https://www.shinhancard.com
0	[Web발신] [삼성카드] 모레 결제 예정 금액 49,800원입니다. https://www.nhis.or.kr
0	[신한카드] 10월 7일 결제 예정 금액 120만원입니다. https://www.nhis.or.kr
0	[KB국민카드] 10월 7일 결제 예정 금액 2,500원입니다. https://www.nhis.or.kr 감사합니다.
0	[현대카드] 10월 7일 결제 예정 금액 300만원입니다. https://m.coupang.com 감사합니다.
0	[신한카드] 내일 결제 예정 금액 49,800원입니다. https://www.gov.kr
0	[KB국민카드] 내일 결제 예정 금액 120만원입니다. https://www.cjlogistics.com 감사합니다.
0	[현대카드] 내일 결제 예정 금액 50만원입니다. https://www.gov.kr 감사합니다.
0	[롯데카드] 모레 결제 예정 금액 49,800원입니다. https://card.kbcard.com
0	[Web발신] [KB국민카드] 모레 결제 예정 금액 2,500원입니다. https://www.cjlogistics.com
0	[현대카드] 10/5 결제 예정 금액 2,500원입니다. https://www.nhis.or.kr 감사합니다.
0	[삼성카드] 11월 2일 결제 예정 금액 2,500원입니다. https://card.kbcard.com
0	[롯데카드] 11월 2일 결제 예정 금액 49,800원입니다. https://m.coupang.com 감사합니다.
0	[Web발신] [튼튼정형외과] 검사 결과가 나왔습니다. 내원하여 확인 바랍니다.
0	[서울내과] 검사 결과가 나왔습니다. 내원하여 확인 바랍니다.
0	[튼튼정형외과] 검사 결과가 나왔습니다. 내원하여 확인 바랍니다. 감사합니다.
0	[한마음병원] 검사 결과가 나왔습니다. 내원하여 확인 바랍니다.
0	[Web발신] [서울내과] 검사 결과가 나왔습니다. 내원하여 확인 바랍니다.
0	[서울내과] 검사 결과가 나왔습니다. 내원하여 확인 바랍니다. 감사합니다.
0	[밝은안과] 검사 결과가 나왔습니다. 내원하여 확인 바랍니다. 감사합니다.
0	[밝은안과] 검사 결과가 나왔습니다. 내원하여 확인 바랍니다.
0	[튼튼정형외과] 검사 결과가 나왔습니다. 내원하여 확인 바랍니다.
0	[한마음병원] 검사 결과가 나왔습니다. 내원하여 확인 바랍니다. 감사합니다.
0	[Web발신] [밝은안과] 검사 결과가 나왔습니다. 내원하여 확인 바랍니다.
0	[Web발신] [한마음병원] 검사 결과가 나왔습니다. 내원하여 확인 바랍니다.
0	[Web발신] 엄마! 저 민수예요. 이번 주 일요일에 갈게요
0	엄마! 저 민수예요. 이번 주 일요일에 갈게요 감사합니다.
0	아빠~ 저 준호예요. 이번 주 일요일에 갈게요
0	[Web발신] 아빠 저 서연예요. 이번 주 일요일에 갈게요
0	아빠~ 저 도윤예요. 이번 주 일요일에 갈게요 감사합니다.
0	엄마 저 도윤예요. 이번 주 일요일에 갈게요 감사합니다.
0	엄마 저 현우예요. 이번 주 일요일에 갈게요
0	아빠 저 도윤예요. 이번 주 일요일에 갈게요
0	아빠 저 지영예요. 이번 주 일요일에 갈게요
0	아빠 저 현우예요. 이번 주 일요일에 갈게요 감사합니다.
0	아빠 저 지영예요. 이번 주 일요일에 갈게요 감사합니다.
0	아빠 저 도윤예요. 이번 주 일요일에 갈게요 감사합니다.
0	엄마! 저 준호예요. 이번 주 일요일에 갈게요 감사합니다.
0	[Web발신] 아빠 저 도윤예요. 이번 주 일요일에 갈게요
0	엄마! 저 지영예요. 이번 주 일요일에 갈게요
0	아빠~ 저 하은예요. 이번 주 일요일에 갈게요
0	엄마! 저 서연예요. 이번 주 일요일에 갈게요
0	엄마 저 지영예요. 이번 주 일요일에 갈게요
0	엄마! 저 도윤예요. 이번 주 일요일에 갈게요 감사합니다.
0	엄마! 저 수진예요. 이번 주 일요일에 갈게요
0	[Web발신] 아빠 저 지영예요. 이번 주 일요일에 갈게요
0	엄마! 저 하은예요. 이번 주 일요일에 갈게요
0	[Web발신] 아빠 저 하은예요. 이번 주 일요일에 갈게요
0	엄마 저 민수예요. 이번 주 일요일에 갈게요 감사합니다.
0	엄마! 저 도윤예요. 이번 주 일요일에 갈게요
0	[Web발신] 아빠~ 저 수진예요. 이번 주 일요일에 갈게요
0	엄마! 저 민수예요. 이번 주 일요일에 갈게요
0	엄마! 저 하은예요. 이번 주 일요일에 갈게요 감사합니다.
0	[Web발신] 엄마! 저 서연예요. 이번 주 일요일에 갈게요
0	엄마 저 수진예요. 이번 주 일요일에 갈게요 감사합니다.
0	[Web발신] 아빠 저 현우예요. 이번 주 일요일에 갈게요
0	아빠 저 민수예요. 이번 주 일요일에 갈게요
0	[올리브영] 고객님 적립금 2,500원이 소멸 예정입니다. 앱에서 확인하세요. 감사합니다.
0	[GS25] 고객님 적립금 50만원이 소멸 예정입니다. 앱에서 확인하세요.
0	[Web발신] [이마트] 고객님 적립금 1,980,000원이 소멸 예정입니다. 앱에서 확인하세요.
0	[스타벅스] 고객님 적립금 49,800원이 소멸 예정입니다. 앱에서 확인하세요.
0	[스타벅스] 고객님 적립금 2,500원이 소멸 예정입니다. 앱에서 확인하세요.
0	[이마트] 고객님 적립금 3,000원이 소멸 예정입니다. 앱에서 확인하세요.
0	[쿠팡] 고객님 적립금 300만원이 소멸 예정입니다. 앱에서 확인하세요.
0	[다이소] 고객님 적립금 50만원이 소멸 예정입니다. 앱에서 확인하세요.
0	[다이소] 고객님 적립금 120만원이 소멸 예정입니다. 앱에서 확인하세요.
0	[쿠팡] 고객님 적립금 1,980,000원이 소멸 예정입니다. 앱에서 확인하세요. 감사합니다.
0	[다이소] 고객님 적립금 1,980,000원이 소멸 예정입니다. 앱에서 확인하세요. 감사합니다.
0	[Web발신] [스타벅스] 고객님 적립금 2,500원이 소멸 예정입니다. 앱에서 확인하세요.
0	[올리브영] 고객님 적립금 300만원이 소멸 예정입니다. 앱에서 확인하세요. 감사합니다.
0	[올리브영] 고객님 적립금 2,500원이 소멸 예정입니다. 앱에서 확인하세요.
0	[GS25] 고객님 적립금 300만원이 소멸 예정입니다. 앱에서 확인하세요.
0	[Web발신] [올리브영] 고객님 적립금 49,800원이 소멸 예정입니다. 앱에서 확인하세요.
0	[Web발신] [쿠팡] 고객님 적립금 3,000원이 소멸 예정입니다. 앱에서 확인하세요.
0	[쿠팡] 고객님 적립금 49,800원이 소멸 예정입니다. 앱에서 확인하세요.
0	[스타벅스] 고객님 적립금 3,000원이 소멸 예정입니다. 앱에서 확인하세요.
0	[다이소] 고객님 적립금 2,500원이 소멸 예정입니다. 앱에서 확인하세요.
0	[다이소] 고객님 적립금 49,800원이 소멸 예정입니다. 앱에서 확인하세요.
0	[이마트] 고객님 적립금 120만원이 소멸 예정입니다. 앱에서 확인하세요.
0	[스타벅스] 고객님 적립금 120만원이 소멸 예정입니다. 앱에서 확인하세요. 감사합니다.
0	[GS25] 고객님 적립금 120만원이 소멸 예정입니다. 앱에서 확인하세요. 감사합니다.
0	[이마트] 고객님 적립금 300만원이 소멸 예정입니다. 앱에서 확인하세요. 감사합니다.
0	[Web발신] [스타벅스] 고객님 적립금 300만원이 소멸 예정입니다. 앱에서 확인하세요.
0	[쿠팡] 고객님 적립금 120만원이 소멸 예정입니다. 앱에서 확인하세요. 감사합니다.
0	[다이소] 고객님 적립금 2,500원이 소멸 예정입니다. 앱에서 확인하세요. 감사합니다.
0	[이마트] 고객님 적립금 1,980,000원이 소멸 예정입니다. 앱에서 확인하세요.
0	[Web발신] [올리브영] 고객님 적립금 2,500원이 소멸 예정입니다. 앱에서 확인하세요.
0	[Web발신] [올리브영] 고객님 적립금 300만원이 소멸 예정입니다. 앱에서 확인하세요.
0	[Web발신] [다이소] 고객님 적립금 300만원이 소멸 예정입니다. 앱에서 확인하세요.
0	[Web발신] [이마트] 고객님 적립금 49,800원이 소멸 예정입니다. 앱에서 확인하세요.
0	[GS25] 고객님 적립금 2,500원이 소멸 예정입니다. 앱에서 확인하세요.
0	[이마트] 고객님 적립금 49,800원이 소멸 예정입니다. 앱에서 확인하세요.
0	[GS25] 고객님 적립금 1,980,000원이 소멸 예정입니다. 앱에서 확인하세요. 감사합니다.
0	[쿠팡] 고객님 적립금 2,500원이 소멸 예정입니다. 앱에서 확인하세요.
0	[우체국택배] 10/5 배송 예정. 문의 1588-1300
0	[우체국택배] 모레 배송 예정. 문의 1588-1300
0	[Web발신] [우체국택배] 내일 배송 예정. 문의 1588-1300
0	[Web발신] [우체국택배] 11월 2일 배송 예정. 문의 1588-1300
0	[우체국택배] 10월 7일 배송 예정. 문의 1588-1300
0	[우체국택배] 10/5 배송 예정. 문의 1588-1300 감사합니다.
0	[우체국택배] 모레 배송 예정. 문의 1588-1300 감사합니다.
0	[Web발신] [우체국택배] 10/5 배송 예정. 문의 1588-1300
0	[Web발신] [우체국택배] 모레 배송 예정. 문의 1588-1300
0	[우체국택배] 10월 7일 배송 예정. 문의 1588-1300 감사합니다.
0	[우체국택배] 내일 배송 예정. 문의 1588-1300
0	[우체국택배] 11월 2일 배송 예정. 문의 1588-1300
0	[Web발신] [우체국택배] 10월 7일 배송 예정. 문의 1588-1300
0	[우체국택배] 내일 배송 예정. 문의 1588-1300 감사합니다.
0	택배 왔어요 경비실에 맡겨뒀어요
0	택배 왔어요 경비실에 맡겨뒀어요 감사합니다.
0	[Web발신] 택배 왔어요 경비실에 맡겨뒀어요
0	[국민은행] 고객님 정기예금이 모레 만기됩니다. 가까운 영업점 방문 바랍니다. 감사합니다.
0	[Web발신] [농협] 고객님 정기예금이 모레 만기됩니다. 가까운 영업점 방문 바랍니다.
0	[하나은행] 고객님 정기예금이 11월 2일 만기됩니다. 가까운 영업점 방문 바랍니다. 감사합니다.
0	[농협] 고객님 정기예금이 11월 2일 만기됩니다. 가까운 영업점 방문 바랍니다.
0	[Web발신] [하나은행] 고객님 정기예금이 11월 2일 만기됩니다. 가까운 영업점 방문 바랍니다.
0	[신한은행] 고객님 정기예금이 내일 만기됩니다. 가까운 영업점 방문 바랍니다.
0	[신한은행] 고객님 정기예금이 11월 2일 만기됩니다. 가까운 영업점 방문 바랍니다.
0	[하나은행] 고객님 정기예금이 10월 7일 만기됩니다. 가까운 영업점 방문 바랍니다.
0	[국민은행] 고객님 정기예금이 내일 만기됩니다. 가까운 영업점 방문 바랍니다. 감사합니다.
0	[우리은행] 고객님 정기예금이 모레 만기됩니다. 가까운 영업점 방문 바랍니다.
0	[Web발신] [우리은행] 고객님 정기예금이 모레 만기됩니다. 가까운 영업점 방문 바랍니다.
0	[농협] 고객님 정기예금이 모레 만기됩니다. 가까운 영업점 방문 바랍니다.
0	[Web발신] [농협] 고객님 정기예금이 10월 7일 만기됩니다. 가까운 영업점 방문 바랍니다.
0	[신한은행] 고객님 정기예금이 11월 2일 만기됩니다. 가까운 영업점 방문 바랍니다. 감사합니다.
0	[하나은행] 고객님 정기예금이 모레 만기됩니다. 가까운 영업점 방문 바랍니다. 감사합니다.
0	[Web발신] [농협] 고객님 정기예금이 10/5 만기됩니다. 가까운 영업점 방문 바랍니다.
0	[신한은행] 고객님 정기예금이 10/5 만기됩니다. 가까운 영업점 방문 바랍니다.
0	[우리은행] 고객님 정기예금이 11월 2일 만기됩니다. 가까운 영업점 방문 바랍니다. 감사합니다.
0	[Web발신] [하나은행] 고객님 정기예금이 10월 7일 만기됩니다. 가까운 영업점 방문 바랍니다.
0	[신한은행] 고객님 정기예금이 10월 7일 만기됩니다. 가까운 영업점 방문 바랍니다. 감사합니다.
0	[하나은행] 고객님 정기예금이 모레 만기됩니다. 가까운 영업점 방문 바랍니다.
0	[국민은행] 고객님 정기예금이 10/5 만기됩니다. 가까운 영업점 방문 바랍니다. 감사합니다.
0	[하나은행] 고객님 정기예금이 10월 7일 만기됩니다. 가까운 영업점 방문 바랍니다. 감사합니다.
0	[우리은행] 고객님 정기예금이 내일 만기됩니다. 가까운 영업점 방문 바랍니다.
0	[Web발신] [신한은행] 고객님 정기예금이 모레 만기됩니다. 가까운 영업점 방문 바랍니다.
0	[농협] 고객님 정기예금이 내일 만기됩니다. 가까운 영업점 방문 바랍니다.
0	[Web발신] [하나은행] 고객님 정기예금이 모레 만기됩니다. 가까운 영업점 방문 바랍니다.
0	[신한은행] 고객님 정기예금이 모레 만기됩니다. 가까운 영업점 방문 바랍니다.
0	[우리은행] 고객님 정기예금이 10월 7일 만기됩니다. 가까운 영업점 방문 바랍니다. 감사합니다.
0	[농협] 고객님 정기예금이 10월 7일 만기됩니다. 가까운 영업점 방문 바랍니다.
0	[Web발신] [신한은행] 고객님 정기예금이 10/5 만기됩니다. 가까운 영업점 방문 바랍니다.
0	[Web발신] [우리은행] 고객님 정기예금이 11월 2일 만기됩니다. 가까운 영업점 방문 바랍니다.
0	[Web발신] [신한은행] 고객님 정기예금이 11월 2일 만기됩니다. 가까운 영업점 방문 바랍니다.
0	[농협] 고객님 정기예금이 내일 만기됩니다. 가까운 영업점 방문 바랍니다. 감사합니다.
0	[경찰청] 보이스피싱 주의! 검찰·경찰·금감원은 절대 돈을 요구하지 않습니다.
0	[Web발신] [경찰청] 보이스피싱 주의! 검찰·경찰·금감원은 절대 돈을 요구하지 않습니다.
0	[경찰청] 보이스피싱 주의! 검찰·경찰·금감원은 절대 돈을 요구하지 않습니다. 감사합니다.
0	[유성구청] 주민세 납부 기간입니다. 가까운 은행이나 위택스에서 납부하세요.
0	[강남구청] 주민세 납부 기간입니다. 가까운 은행이나 위택스에서 납부하세요.
0	[마포구청] 주민세 납부 기간입니다. 가까운 은행이나 위택스에서 납부하세요.
0	[Web발신] [마포구청] 주민세 납부 기간입니다. 가까운 은행이나 위택스에서 납부하세요.
0	[Web발신] [유성구청] 주민세 납부 기간입니다. 가까운 은행이나 위택스에서 납부하세요.
0	[강남구청] 주민세 납부 기간입니다. 가까운 은행이나 위택스에서 납부하세요. 감사합니다.
0	[Web발신] [수성구청] 주민세 납부 기간입니다. 가까운 은행이나 위택스에서 납부하세요.
0	[해운대구청] 주민세 납부 기간입니다. 가까운 은행이나 위택스에서 납부하세요. 감사합니다.
0	[수성구청] 주민세 납부 기간입니다. 가까운 은행이나 위택스에서 납부하세요.
0	[유성구청] 주민세 납부 기간입니다. 가까운 은행이나 위택스에서 납부하세요. 감사합니다.
0	[Web발신] [해운대구청] 주민세 납부 기간입니다. 가까운 은행이나 위택스에서 납부하세요.
0	[Web발신] [강남구청] 주민세 납부 기간입니다. 가까운 은행이나 위택스에서 납부하세요.
0	[수성구청] 주민세 납부 기간입니다. 가까운 은행이나 위택스에서 납부하세요. 감사합니다.
0	[Web발신] [우리은행] 고객님 계좌 개설이 완료되었습니다. 문의는 대표번호로 연락 바랍니다.
0	[신한은행] 고객님 계좌 개설이 완료되었습니다. 문의는 대표번호로 연락 바랍니다. 감사합니다.
0	[우리은행] 고객님 계좌 개설이 완료되었습니다. 문의는 대표번호로 연락 바랍니다.
0	[하나은행] 고객님 계좌 개설이 완료되었습니다. 문의는 대표번호로 연락 바랍니다. 감사합니다.
0	[하나은행] 고객님 계좌 개설이 완료되었습니다. 문의는 대표번호로 연락 바랍니다.
0	[국민은행] 고객님 계좌 개설이 완료되었습니다. 문의는 대표번호로 연락 바랍니다. 감사합니다.
0	[Web발신] [하나은행] 고객님 계좌 개설이 완료되었습니다. 문의는 대표번호로 연락 바랍니다.
0	[농협] 고객님 계좌 개설이 완료되었습니다. 문의는 대표번호로 연락 바랍니다.
0	[국민은행] 고객님 계좌 개설이 완료되었습니다. 문의는 대표번호로 연락 바랍니다.
0	[신한은행] 고객님 계좌 개설이 완료되었습니다. 문의는 대표번호로 연락 바랍니다.
0	[Web발신] [신한은행] 고객님 계좌 개설이 완료되었습니다. 문의는 대표번호로 연락 바랍니다.
0	[우리은행] 고객님 계좌 개설이 완료되었습니다. 문의는 대표번호로 연락 바랍니다. 감사합니다.
0	[농협] 고객님 계좌 개설이 완료되었습니다. 문의는 대표번호로 연락 바랍니다. 감사합니다.
0	[Web발신] [농협] 고객님 계좌 개설이 완료되었습니다. 문의는 대표번호로 연락 바랍니다.